PassengerId,Survived,Pclass,Name,Sex,Age,SibSp,Parch,Ticket,Fare,Embarked,Title,HasCabin,Deck,FamilySize,Fare_log,Age_minmax,Fare_log_minmax,Age_z,Fare_log_z,Sex_male,Pclass_num
1,No,3,"Braund, Mr. Owen Harris",male,22,1,0,A/5 21171,7.25,S,Mr,0,Unknown,2,2.1102132,0.271173662,0.338125484,-0.528907667,-0.879246749,1,3
2,Yes,1,"Cumings, Mrs. John Bradley (Florence Briggs Thayer)",female,38,1,0,PC 17599,71.2833,C,Mrs,1,C,2,4.28059312,0.472229203,0.685891653,0.657078347,1.36045584,0,1
3,Yes,3,"Heikkinen, Miss. Laina",female,26,0,0,STON/O2. 3101282,7.925,S,Miss,0,Unknown,1,2.188856328,0.321437547,0.350726697,-0.232411163,-0.798091734,0,3
4,Yes,1,"Futrelle, Mrs. Jacques Heath (Lily May Peel)",female,35,1,0,113803,53.1,S,Mrs,1,C,2,3.990834186,0.434531289,0.639462752,0.434705969,1.061441907,0,1
5,No,3,"Allen, Mr. William Henry",male,35,0,0,373450,8.05,S,Mr,0,Unknown,1,2.202764758,0.434531289,0.352955284,0.434705969,-0.783739064,1,3
6,No,3,"Moran, Mr. James",male,26,0,0,330877,8.4583,Q,Mr,0,Unknown,1,2.246892663,0.321437547,0.360026024,-0.232411163,-0.738201698,1,3
7,No,1,"McCarthy, Mr. Timothy J",male,54,0,0,17463,51.8625,S,Mr,1,E,1,3.967694203,0.673284745,0.635754966,1.84306436,1.037562825,1,1
8,No,3,"Palsson, Master. Gosta Leonard",male,2,3,1,349909,21.075,S,Master,0,Unknown,5,3.094445746,0.019854235,0.495831874,-2.011390183,0.136422518,1,3
9,Yes,3,"Johnson, Mrs. Oscar W (Elisabeth Vilhelmina Berg)",female,27,0,2,347742,11.1333,S,Mrs,0,Unknown,3,2.495953739,0.334003518,0.399933791,-0.158287038,-0.481185527,0,3
10,Yes,2,"Nasser, Mrs. Nicholas (Adele Achem)",female,14,1,0,237736,30.0708,C,Mrs,0,Unknown,2,3.436268471,0.170645891,0.550603105,-1.121900673,0.489163176,0,2
11,Yes,3,"Sandstrom, Miss. Marguerite Rut",female,4,1,1,PP 9549,16.7,S,Miss,1,G,3,2.87356464,0.044986177,0.460439464,-1.863141932,-0.091513607,0,3
12,Yes,1,"Bonnell, Miss. Elizabeth",female,58,0,0,113783,26.55,S,Miss,1,C,1,3.316002536,0.72354863,0.531332551,2.139560863,0.365055906,0,1
13,No,3,"Saundercock, Mr. William Henry",male,20,0,0,A/5. 2151,8.05,S,Mr,0,Unknown,1,2.202764758,0.246041719,0.352955284,-0.677155918,-0.783739064,1,3
14,No,3,"Andersson, Mr. Anders Johan",male,39,1,5,347082,31.275,S,Mr,0,Unknown,7,3.474292937,0.484795175,0.556695873,0.731202472,0.528402156,1,3
15,No,3,"Vestrom, Miss. Hulda Amanda Adolfina",female,14,0,0,350406,7.8542,S,Miss,0,Unknown,1,2.180891923,0.170645891,0.349450537,-1.121900673,-0.806310525,0,3
16,Yes,2,"Hewlett, Mrs. (Mary D Kingcome) ",female,55,0,0,248706,16,S,Mrs,0,Unknown,1,2.833213344,0.685850716,0.45397386,1.917188486,-0.133153736,0,2
17,No,3,"Rice, Master. Eugene",male,2,4,1,382652,29.125,Q,Master,0,Unknown,6,3.405355392,0.019854235,0.545649814,-2.011390183,0.457262722,1,3
18,Yes,2,"Williams, Mr. Charles Eugene",male,31,0,0,244373,13,S,Mr,0,Unknown,1,2.63905733,0.384267404,0.422863688,0.138209466,-0.333511159,1,2
19,No,3,"Vander Planke, Mrs. Julius (Emelia Maria Vandemoortele)",female,31,1,0,345763,18,S,Mrs,0,Unknown,2,2.944438979,0.384267404,0.471795861,0.138209466,-0.018375517,0,3
20,Yes,3,"Masselmani, Mrs. Fatima",female,31,0,0,2649,7.225,C,Mrs,0,Unknown,1,2.107178297,0.384267404,0.337639193,0.138209466,-0.882378589,0,3
21,No,2,"Fynney, Mr. Joseph J",male,35,0,0,239865,26,S,Mr,0,Unknown,1,3.295836866,0.434531289,0.528101348,0.434705969,0.344246138,1,2
22,Yes,2,"Beesley, Mr. Lawrence",male,34,0,0,248698,13,S,Mr,1,D,1,2.63905733,0.421965318,0.422863688,0.360581843,-0.333511159,1,2
23,Yes,3,"McGowan, Miss. Anna ""Annie""",female,15,0,0,330923,8.0292,Q,Miss,0,Unknown,1,2.20046377,0.183211862,0.35258659,-1.047776548,-0.786113546,0,3
24,Yes,1,"Sloper, Mr. William Thompson",male,28,0,0,113788,35.5,S,Mr,1,A,1,3.597312261,0.34656949,0.576407611,-0.084162912,0.655350759,1,1
25,No,3,"Palsson, Miss. Torborg Danira",female,8,3,1,349909,21.075,S,Miss,0,Unknown,5,3.094445746,0.095250063,0.495831874,-1.566645428,0.136422518,0,3
26,Yes,3,"Asplund, Mrs. Carl Oscar (Selma Augusta Emilia Johansson)",female,38,1,5,347077,31.3875,S,Mrs,0,Unknown,7,3.477772546,0.472229203,0.557253421,0.657078347,0.531992905,0,3
27,No,3,"Emir, Mr. Farred Chehab",male,26,0,0,2631,7.225,C,Mr,0,Unknown,1,2.107178297,0.321437547,0.337639193,-0.232411163,-0.882378589,1,3
28,No,1,"Fortune, Mr. Charles Alexander",male,19,3,2,19950,263,S,Mr,1,C,6,5.575949103,0.233475748,0.893450239,-0.751280044,2.697185932,1,1
29,Yes,3,"O'Dwyer, Miss. Ellen ""Nellie""",female,18,0,0,330959,7.8792,Q,Miss,0,Unknown,1,2.183711463,0.220909776,0.34990232,-0.82540417,-0.803400927,0,3
30,No,3,"Todoroff, Mr. Lalio",male,26,0,0,349216,7.8958,S,Mr,0,Unknown,1,2.185579255,0.321437547,0.350201602,-0.232411163,-0.801473477,1,3
31,No,1,"Uruchurtu, Don. Manuel E",male,40,0,0,PC 17601,27.7208,C,Rare,0,Unknown,1,3.357621599,0.497361146,0.538001292,0.805326598,0.408004296,1,1
32,Yes,1,"Spencer, Mrs. William Augustus (Marie Eugenie)",female,40,1,0,PC 17569,146.5208,C,Mrs,1,B,2,4.993969183,0.497361146,0.800197935,0.805326598,2.096617376,0,1
33,Yes,3,"Glynn, Miss. Mary Agatha",female,18,0,0,335677,7.75,Q,Miss,0,Unknown,1,2.1690537,0.220909776,0.347553665,-0.82540417,-0.818526864,0,3
34,No,2,"Wheadon, Mr. Edward H",male,66,0,0,C.A. 24579,10.5,S,Mr,0,Unknown,1,2.442347035,0.824076401,0.391344236,2.73255387,-0.536504447,1,2
35,No,1,"Meyer, Mr. Edgar Joseph",male,28,1,0,PC 17604,82.1708,C,Mr,0,Unknown,2,4.420896325,0.34656949,0.708372836,-0.084162912,1.505240377,1,1
36,No,1,"Holverson, Mr. Alexander Oskar",male,42,1,0,113789,52,S,Mr,0,Unknown,2,3.970291914,0.522493089,0.636171205,0.95357485,1.040243508,1,1
37,Yes,3,"Mamee, Mr. Hanna",male,26,0,0,2677,7.2292,C,Mr,0,Unknown,1,2.107688805,0.321437547,0.337720993,-0.232411163,-0.881851775,1,3
38,No,3,"Cann, Mr. Ernest Charles",male,21,0,0,A./5. 2152,8.05,S,Mr,0,Unknown,1,2.202764758,0.25860769,0.352955284,-0.603031793,-0.783739064,1,3
39,No,3,"Vander Planke, Miss. Augusta Maria",female,18,2,0,345764,18,S,Miss,0,Unknown,3,2.944438979,0.220909776,0.471795861,-0.82540417,-0.018375517,0,3
40,Yes,3,"Nicola-Yarred, Miss. Jamila",female,14,1,0,2651,11.2417,C,Miss,0,Unknown,2,2.504848156,0.170645891,0.401358969,-1.121900673,-0.472007019,0,3
41,No,3,"Ahlin, Mrs. Johan (Johanna Persdotter Larsson)",female,40,1,0,7546,9.475,S,Mrs,0,Unknown,2,2.348991466,0.497361146,0.376385607,0.805326598,-0.632841825,0,3
42,No,2,"Turpin, Mrs. William John Robert (Dorothy Ann Wonnacott)",female,27,1,0,11668,21,S,Mrs,0,Unknown,2,3.091042453,0.334003518,0.495286554,-0.158287038,0.132910522,0,2
43,No,3,"Kraeff, Mr. Theodor",male,26,0,0,349253,7.8958,C,Mr,0,Unknown,1,2.185579255,0.321437547,0.350201602,-0.232411163,-0.801473477,1,3
44,Yes,2,"Laroche, Miss. Simonne Marie Anne Andree",female,3,1,2,SC/Paris 2123,41.5792,C,Miss,0,Unknown,4,3.751365871,0.032420206,0.60109206,-1.937266058,0.814324894,0,2
45,Yes,3,"Devaney, Miss. Margaret Delia",female,19,0,0,330958,7.8792,Q,Miss,0,Unknown,1,2.183711463,0.233475748,0.34990232,-0.751280044,-0.803400927,0,3
46,No,3,"Rogers, Mr. William John",male,26,0,0,S.C./A.4. 23567,8.05,S,Mr,0,Unknown,1,2.202764758,0.321437547,0.352955284,-0.232411163,-0.783739064,1,3
47,No,3,"Lennon, Mr. Denis",male,26,1,0,370371,15.5,Q,Mr,0,Unknown,2,2.803360381,0.321437547,0.449190435,-0.232411163,-0.163960213,1,3
48,Yes,3,"O'Driscoll, Miss. Bridget",female,18,0,0,14311,7.75,Q,Miss,0,Unknown,1,2.1690537,0.220909776,0.347553665,-0.82540417,-0.818526864,0,3
49,No,3,"Samaan, Mr. Youssef",male,26,2,0,2662,21.6792,C,Mr,0,Unknown,3,3.121448205,0.321437547,0.500158555,-0.232411163,0.164287444,1,3
50,No,3,"Arnold-Franchi, Mrs. Josef (Josefine Franchi)",female,18,1,0,349237,17.8,S,Mrs,0,Unknown,2,2.93385687,0.220909776,0.47010026,-0.82540417,-0.029295622,0,3
51,No,3,"Panula, Master. Juha Niilo",male,7,4,1,3101295,39.6875,S,Master,0,Unknown,6,3.70592092,0.082684091,0.593810286,-1.640769554,0.767428415,1,3
52,No,3,"Nosworthy, Mr. Richard Cater",male,21,0,0,A/4. 39886,7.8,S,Mr,0,Unknown,1,2.174751721,0.25860769,0.348466675,-0.603031793,-0.812646846,1,3
53,Yes,1,"Harper, Mrs. Henry Sleeper (Myna Haxtun)",female,49,1,0,PC 17572,76.7292,C,Mrs,1,D,2,4.353230991,0.610454888,0.697530626,1.472443731,1.435413789,0,1
54,Yes,2,"Faunthorpe, Mrs. Lizzie (Elizabeth Anne Wilkinson)",female,29,1,0,2926,26,S,Mrs,0,Unknown,2,3.295836866,0.359135461,0.528101348,-0.010038786,0.344246138,0,2
55,No,1,"Ostby, Mr. Engelhart Cornelius",male,65,0,1,113509,61.9792,C,Mr,1,B,2,4.142804513,0.81151043,0.663813391,2.658429744,1.218266218,1,1
56,Yes,1,"Woolner, Mr. Hugh",male,40,0,0,19947,35.5,S,Mr,1,C,1,3.597312261,0.497361146,0.576407611,0.805326598,0.655350759,1,1
57,Yes,2,"Rugg, Miss. Emily",female,21,0,0,C.A. 31026,10.5,S,Miss,0,Unknown,1,2.442347035,0.25860769,0.391344236,-0.603031793,-0.536504447,0,2
58,No,3,"Novel, Mr. Mansouer",male,28.5,0,0,2697,7.2292,C,Mr,0,Unknown,1,2.107688805,0.352852475,0.337720993,-0.047100849,-0.881851775,1,3
59,Yes,2,"West, Miss. Constance Mirium",female,5,1,2,C.A. 34651,27.75,S,Miss,0,Unknown,4,3.358637767,0.057552149,0.538164115,-1.789017806,0.409052921,0,2
60,No,3,"Goodwin, Master. William Frederick",male,11,5,2,CA 2144,46.9,S,Master,0,Unknown,8,3.869115504,0.132947977,0.61995942,-1.344273051,0.93583549,1,3
61,No,3,"Sirayanian, Mr. Orsen",male,22,0,0,2669,7.2292,C,Mr,0,Unknown,1,2.107688805,0.271173662,0.337720993,-0.528907667,-0.881851775,1,3
62,Yes,1,"Icard, Miss. Amelie",female,38,0,0,113572,80,S,Miss,1,B,1,4.394449155,0.472229203,0.70413513,0.657078347,1.477948475,0,1
63,No,1,"Harris, Mr. Henry Birkhardt",male,45,1,0,36973,83.475,S,Mr,1,C,2,4.436455633,0.560191003,0.710865948,1.175947227,1.521296654,1,1
64,No,3,"Skoog, Master. Harald",male,4,3,2,347088,27.9,S,Master,0,Unknown,6,3.363841595,0.044986177,0.53899794,-1.863141932,0.414422961,1,3
65,No,1,"Stewart, Mr. Albert A",male,40,0,0,PC 17605,27.7208,C,Mr,0,Unknown,1,3.357621599,0.497361146,0.538001292,0.805326598,0.408004296,1,1
66,Yes,3,"Moubarek, Master. Gerios",male,4,1,1,2661,15.2458,C,Master,0,Unknown,3,2.787834414,0.044986177,0.446702665,-1.863141932,-0.179982085,1,3
67,Yes,2,"Nye, Mrs. (Elizabeth Ramell)",female,29,0,0,C.A. 29395,10.5,S,Mrs,1,F,1,2.442347035,0.359135461,0.391344236,-0.010038786,-0.536504447,0,2
68,No,3,"Crease, Mr. Ernest James",male,19,0,0,S.P. 3464,8.1583,S,Mr,0,Unknown,1,2.214660572,0.233475748,0.354861384,-0.751280044,-0.771463293,1,3
69,Yes,3,"Andersson, Miss. Erna Alexandra",female,17,4,2,3101281,7.925,S,Miss,0,Unknown,7,2.188856328,0.208343805,0.350726697,-0.899528296,-0.798091734,0,3
70,No,3,"Kink, Mr. Vincenz",male,26,2,0,315151,8.6625,S,Mr,0,Unknown,3,2.268252414,0.321437547,0.363448558,-0.232411163,-0.71615971,1,3
71,No,2,"Jenkin, Mr. Stephen Curnow",male,32,0,0,C.A. 33111,10.5,S,Mr,0,Unknown,1,2.442347035,0.396833375,0.391344236,0.212333592,-0.536504447,1,2
72,No,3,"Goodwin, Miss. Lillian Amy",female,16,5,2,CA 2144,46.9,S,Miss,0,Unknown,8,3.869115504,0.195777834,0.61995942,-0.973652422,0.93583549,0,3
73,No,2,"Hood, Mr. Ambrose Jr",male,21,0,0,S.O.C. 14879,73.5,S,Mr,0,Unknown,1,4.310799125,0.25860769,0.690731647,-0.603031793,1.391626635,1,2
74,No,3,"Chronopoulos, Mr. Apostolos",male,26,1,0,2680,14.4542,C,Mr,0,Unknown,2,2.737880811,0.321437547,0.438698457,-0.232411163,-0.231531222,1,3
75,Yes,3,"Bing, Mr. Lee",male,32,0,0,1601,56.4958,S,Mr,0,Unknown,1,4.051711902,0.396833375,0.649217362,0.212333592,1.124264078,1,3
76,No,3,"Moen, Mr. Sigurd Hansen",male,25,0,0,348123,7.65,S,Mr,1,F,1,2.157559321,0.308871576,0.345711888,-0.306535289,-0.830388377,1,3
77,No,3,"Staneff, Mr. Ivan",male,26,0,0,349208,7.8958,S,Mr,0,Unknown,1,2.185579255,0.321437547,0.350201602,-0.232411163,-0.801473477,1,3
78,No,3,"Moutal, Mr. Rahamin Haim",male,26,0,0,374746,8.05,S,Mr,0,Unknown,1,2.202764758,0.321437547,0.352955284,-0.232411163,-0.783739064,1,3
79,Yes,2,"Caldwell, Master. Alden Gates",male,0.83,0,2,248738,29,S,Master,0,Unknown,3,3.401197382,0.005152048,0.544983564,-2.098115411,0.452971904,1,2
80,Yes,3,"Dowdell, Miss. Elizabeth",female,30,0,0,364516,12.475,S,Miss,0,Unknown,1,2.600836117,0.371701433,0.416739394,0.06408534,-0.372953171,0,3
81,No,3,"Waelens, Mr. Achille",male,22,0,0,345767,9,S,Mr,0,Unknown,1,2.302585093,0.271173662,0.368949781,-0.528907667,-0.680730433,1,3
82,Yes,3,"Sheerlinck, Mr. Jan Baptist",male,29,0,0,345779,9.5,S,Mr,0,Unknown,1,2.351375257,0.359135461,0.376767569,-0.010038786,-0.630381895,1,3
83,Yes,3,"McDermott, Miss. Brigdet Delia",female,18,0,0,330932,7.7875,Q,Miss,0,Unknown,1,2.173330257,0.220909776,0.34823891,-0.82540417,-0.814113712,0,3
84,No,1,"Carrau, Mr. Francisco M",male,28,0,0,113059,47.1,S,Mr,0,Unknown,1,3.873282177,0.34656949,0.620627058,-0.084162912,0.940135248,1,1
85,Yes,2,"Ilett, Miss. Bertha",female,17,0,0,SO/C 14885,10.5,S,Miss,0,Unknown,1,2.442347035,0.208343805,0.391344236,-0.899528296,-0.536504447,0,2
86,Yes,3,"Backstrom, Mrs. Karl Alfred (Maria Mathilda Gustafsson)",female,33,3,0,3101278,15.85,S,Mrs,0,Unknown,4,2.824350657,0.409399347,0.452553767,0.286457717,-0.142299501,0,3
87,No,3,"Ford, Mr. William Neal",male,16,1,3,W./C. 6608,34.375,S,Mr,0,Unknown,5,3.566005356,0.195777834,0.571391216,-0.973652422,0.623043901,1,3
88,No,3,"Slocovski, Mr. Selman Francis",male,26,0,0,SOTON/OQ 392086,8.05,S,Mr,0,Unknown,1,2.202764758,0.321437547,0.352955284,-0.232411163,-0.783739064,1,3
89,Yes,1,"Fortune, Miss. Mabel Helen",female,23,3,2,19950,263,S,Miss,1,C,6,5.575949103,0.283739633,0.893450239,-0.454783541,2.697185932,0,1
90,No,3,"Celotti, Mr. Francesco",male,24,0,0,343275,8.05,S,Mr,0,Unknown,1,2.202764758,0.296305604,0.352955284,-0.380659415,-0.783739064,1,3
91,No,3,"Christmann, Mr. Emil",male,29,0,0,343276,8.05,S,Mr,0,Unknown,1,2.202764758,0.359135461,0.352955284,-0.010038786,-0.783739064,1,3
92,No,3,"Andreasson, Mr. Paul Edvin",male,20,0,0,347466,7.8542,S,Mr,0,Unknown,1,2.180891923,0.246041719,0.349450537,-0.677155918,-0.806310525,1,3
93,No,1,"Chaffee, Mr. Herbert Fuller",male,46,1,0,W.E.P. 5734,61.175,S,Mr,1,E,2,4.12995299,0.572756974,0.661754155,1.250071353,1.205004213,1,1
94,No,3,"Dean, Mr. Bertram Frank",male,26,1,2,C.A. 2315,20.575,S,Mr,0,Unknown,4,3.071535237,0.321437547,0.492160858,-0.232411163,0.112780239,1,3
95,No,3,"Coxon, Mr. Daniel",male,59,0,0,364500,7.25,S,Mr,0,Unknown,1,2.1102132,0.736114602,0.338125484,2.213684989,-0.879246749,1,3
96,No,3,"Shorney, Mr. Charles Joseph",male,26,0,0,374910,8.05,S,Mr,0,Unknown,1,2.202764758,0.321437547,0.352955284,-0.232411163,-0.783739064,1,3
97,No,1,"Goldschmidt, Mr. George B",male,71,0,0,PC 17754,34.6542,C,Mr,1,A,1,3.573866952,0.886906258,0.572650902,3.103174499,0.631156599,1,1
98,Yes,1,"Greenfield, Mr. William Bertram",male,23,0,1,PC 17759,63.3583,C,Mr,1,D,2,4.164465908,0.283739633,0.667284258,-0.454783541,1.240619485,1,1
99,Yes,2,"Doling, Mrs. John T (Ada Julia Bone)",female,34,0,1,231919,23,S,Mrs,0,Unknown,2,3.17805383,0.421965318,0.509228636,0.360581843,0.222701072,0,2
100,No,2,"Kantor, Mr. Sinai",male,34,1,0,244367,26,S,Mr,0,Unknown,2,3.295836866,0.421965318,0.528101348,0.360581843,0.344246138,1,2
101,No,3,"Petranec, Miss. Matilda",female,28,0,0,349245,7.8958,S,Miss,0,Unknown,1,2.185579255,0.34656949,0.350201602,-0.084162912,-0.801473477,0,3
102,No,3,"Petroff, Mr. Pastcho (""Pentcho"")",male,26,0,0,349215,7.8958,S,Mr,0,Unknown,1,2.185579255,0.321437547,0.350201602,-0.232411163,-0.801473477,1,3
103,No,1,"White, Mr. Richard Frasar",male,21,0,1,35281,77.2875,S,Mr,1,D,2,4.360387948,0.25860769,0.698677406,-0.603031793,1.442799342,1,1
104,No,3,"Johansson, Mr. Gustaf Joel",male,33,0,0,7540,8.6542,S,Mr,0,Unknown,1,2.267393054,0.409399347,0.36331086,0.286457717,-0.717046518,1,3
105,No,3,"Gustafsson, Mr. Anders Vilhelm",male,37,2,0,3101276,7.925,S,Mr,0,Unknown,3,2.188856328,0.459663232,0.350726697,0.582954221,-0.798091734,1,3
106,No,3,"Mionoff, Mr. Stoytcho",male,28,0,0,349207,7.8958,S,Mr,0,Unknown,1,2.185579255,0.34656949,0.350201602,-0.084162912,-0.801473477,1,3
107,Yes,3,"Salkjelsvik, Miss. Anna Kristine",female,21,0,0,343120,7.65,S,Miss,0,Unknown,1,2.157559321,0.25860769,0.345711888,-0.603031793,-0.830388377,0,3
108,Yes,3,"Moss, Mr. Albert Johan",male,26,0,0,312991,7.775,S,Mr,0,Unknown,1,2.171906769,0.321437547,0.348010821,-0.232411163,-0.815582667,1,3
109,No,3,"Rekic, Mr. Tido",male,38,0,0,349249,7.8958,S,Mr,0,Unknown,1,2.185579255,0.472229203,0.350201602,0.657078347,-0.801473477,1,3
110,Yes,3,"Moran, Miss. Bertha",female,18,1,0,371110,24.15,Q,Miss,0,Unknown,2,3.224857897,0.220909776,0.516728185,-0.82540417,0.271000076,0,3
111,No,1,"Porter, Mr. Walter Chamberlain",male,47,0,0,110465,52,S,Mr,1,C,1,3.970291914,0.585322945,0.636171205,1.324195479,1.040243508,1,1
112,No,3,"Zabour, Miss. Hileni",female,14.5,1,0,2665,14.4542,C,Miss,0,Unknown,2,2.737880811,0.176928877,0.438698457,-1.084838611,-0.231531222,0,3
113,No,3,"Barton, Mr. David John",male,22,0,0,324669,8.05,S,Mr,0,Unknown,1,2.202764758,0.271173662,0.352955284,-0.528907667,-0.783739064,1,3
114,No,3,"Jussila, Miss. Katriina",female,20,1,0,4136,9.825,S,Miss,0,Unknown,2,2.381858274,0.246041719,0.381651949,-0.677155918,-0.59892524,0,3
115,No,3,"Attalah, Miss. Malake",female,17,0,0,2627,14.4583,C,Miss,0,Unknown,1,2.738146076,0.208343805,0.438740961,-0.899528296,-0.231257485,0,3
116,No,3,"Pekoniemi, Mr. Edvard",male,21,0,0,STON/O 2. 3101294,7.925,S,Mr,0,Unknown,1,2.188856328,0.25860769,0.350726697,-0.603031793,-0.798091734,1,3
117,No,3,"Connors, Mr. Patrick",male,70.5,0,0,370369,7.75,Q,Mr,0,Unknown,1,2.1690537,0.880623272,0.347553665,3.066112436,-0.818526864,1,3
118,No,2,"Turpin, Mr. William John Robert",male,29,1,0,11668,21,S,Mr,0,Unknown,2,3.091042453,0.359135461,0.495286554,-0.010038786,0.132910522,1,2
119,No,1,"Baxter, Mr. Quigg Edmond",male,24,0,1,PC 17558,247.5208,C,Mr,1,B,2,5.515526544,0.296305604,0.88376856,-0.380659415,2.634833456,1,1
120,No,3,"Andersson, Miss. Ellis Anna Maria",female,2,4,2,347082,31.275,S,Miss,0,Unknown,7,3.474292937,0.019854235,0.556695873,-2.011390183,0.528402156,0,3
121,No,2,"Hickman, Mr. Stanley George",male,21,2,0,S.O.C. 14879,73.5,S,Mr,0,Unknown,3,4.310799125,0.25860769,0.690731647,-0.603031793,1.391626635,1,2
122,No,3,"Moore, Mr. Leonard Charles",male,26,0,0,A4. 54510,8.05,S,Mr,0,Unknown,1,2.202764758,0.321437547,0.352955284,-0.232411163,-0.783739064,1,3
123,No,2,"Nasser, Mr. Nicholas",male,32.5,1,0,237736,30.0708,C,Mr,0,Unknown,2,3.436268471,0.403116361,0.550603105,0.249395654,0.489163176,1,2
124,Yes,2,"Webber, Miss. Susan",female,32.5,0,0,27267,13,S,Miss,1,E,1,2.63905733,0.403116361,0.422863688,0.249395654,-0.333511159,0,2
125,No,1,"White, Mr. Percival Wayland",male,54,0,1,35281,77.2875,S,Mr,1,D,2,4.360387948,0.673284745,0.698677406,1.84306436,1.442799342,1,1
126,Yes,3,"Nicola-Yarred, Master. Elias",male,12,1,0,2651,11.2417,C,Master,0,Unknown,2,2.504848156,0.145513948,0.401358969,-1.270148925,-0.472007019,1,3
127,No,3,"McMahon, Mr. Martin",male,26,0,0,370372,7.75,Q,Mr,0,Unknown,1,2.1690537,0.321437547,0.347553665,-0.232411163,-0.818526864,1,3
128,Yes,3,"Madsen, Mr. Fridtjof Arne",male,24,0,0,C 17369,7.1417,S,Mr,0,Unknown,1,2.096999003,0.296305604,0.336008135,-0.380659415,-0.892883012,1,3
129,Yes,3,"Peter, Miss. Anna",female,18,1,1,2668,22.3583,C,Miss,1,F,3,3.150952381,0.220909776,0.504886093,-0.82540417,0.194733994,0,3
130,No,3,"Ekstrom, Mr. Johan",male,45,0,0,347061,6.975,S,Mr,0,Unknown,1,2.076311649,0.560191003,0.332693341,1.175947227,-0.914231128,1,3
131,No,3,"Drazenoic, Mr. Jozef",male,33,0,0,349241,7.8958,C,Mr,0,Unknown,1,2.185579255,0.409399347,0.350201602,0.286457717,-0.801473477,1,3
132,No,3,"Coelho, Mr. Domingos Fernandeo",male,20,0,0,SOTON/O.Q. 3101307,7.05,S,Mr,0,Unknown,1,2.085672091,0.246041719,0.334193192,-0.677155918,-0.904571709,1,3
133,No,3,"Robins, Mrs. Alexander A (Grace Charity Laury)",female,47,1,0,A/5. 3337,14.5,S,Mrs,0,Unknown,2,2.740840024,0.585322945,0.43917262,1.324195479,-0.228477491,0,3
134,Yes,2,"Weisz, Mrs. Leopold (Mathilde Francoise Pede)",female,29,1,0,228414,26,S,Mrs,0,Unknown,2,3.295836866,0.359135461,0.528101348,-0.010038786,0.344246138,0,2
135,No,2,"Sobey, Mr. Samuel James Hayden",male,25,0,0,C.A. 29178,13,S,Mr,0,Unknown,1,2.63905733,0.308871576,0.422863688,-0.306535289,-0.333511159,1,2
136,No,2,"Richard, Mr. Emile",male,23,0,0,SC/PARIS 2133,15.0458,C,Mr,0,Unknown,1,2.775447133,0.283739633,0.444717816,-0.454783541,-0.192765019,1,2
137,Yes,1,"Newsom, Miss. Helen Monypeny",female,19,0,2,11752,26.2833,S,Miss,1,D,3,3.306274793,0.233475748,0.529773847,-0.751280044,0.355017456,0,1
138,No,1,"Futrelle, Mr. Jacques Heath",male,37,1,0,113803,53.1,S,Mr,1,C,2,3.990834186,0.459663232,0.639462752,0.582954221,1.061441907,1,1
139,No,3,"Osen, Mr. Olaf Elon",male,16,0,0,7534,9.2167,S,Mr,0,Unknown,1,2.324023636,0.195777834,0.37238494,-0.973652422,-0.658607135,1,3
140,No,1,"Giglio, Mr. Victor",male,24,0,0,PC 17593,79.2,C,Mr,1,B,1,4.384523515,0.296305604,0.702544717,-0.380659415,1.467705807,1,1
141,No,3,"Boulos, Mrs. Joseph (Sultana)",female,31,0,2,2678,15.2458,C,Mrs,0,Unknown,3,2.787834414,0.384267404,0.446702665,0.138209466,-0.179982085,0,3
142,Yes,3,"Nysten, Miss. Anna Sofia",female,22,0,0,347081,7.75,S,Miss,0,Unknown,1,2.1690537,0.271173662,0.347553665,-0.528907667,-0.818526864,0,3
143,Yes,3,"Hakkarainen, Mrs. Pekka Pietari (Elin Matilda Dolck)",female,24,1,0,STON/O2. 3101279,15.85,S,Mrs,0,Unknown,2,2.824350657,0.296305604,0.452553767,-0.380659415,-0.142299501,0,3
144,No,3,"Burke, Mr. Jeremiah",male,19,0,0,365222,6.75,Q,Mr,0,Unknown,1,2.047692843,0.233475748,0.328107669,-0.751280044,-0.943764028,1,3
145,No,2,"Andrew, Mr. Edgardo Samuel",male,18,0,0,231945,11.5,S,Mr,0,Unknown,1,2.525728644,0.220909776,0.404704709,-0.82540417,-0.450459601,1,2
146,No,2,"Nicholls, Mr. Joseph Charles",male,19,1,1,C.A. 33112,36.75,S,Mr,0,Unknown,3,3.630985476,0.233475748,0.581803166,-0.751280044,0.690099508,1,2
147,Yes,3,"Andersson, Mr. August Edvard (""Wennerstrom"")",male,27,0,0,350043,7.7958,S,Mr,0,Unknown,1,2.174274335,0.334003518,0.348390182,-0.158287038,-0.81313948,1,3
148,No,3,"Ford, Miss. Robina Maggie ""Ruby""",female,9,2,2,W./C. 6608,34.375,S,Miss,0,Unknown,5,3.566005356,0.107816034,0.571391216,-1.492521303,0.623043901,0,3
149,No,2,"Navratil, Mr. Michel (""Louis M Hoffman"")",male,36.5,0,2,230080,26,S,Mr,1,F,3,3.295836866,0.453380246,0.528101348,0.545892158,0.344246138,1,2
150,No,2,"Byles, Rev. Thomas Roussel Davids",male,42,0,0,244310,13,S,Rare,0,Unknown,1,2.63905733,0.522493089,0.422863688,0.95357485,-0.333511159,1,2
151,No,2,"Bateman, Rev. Robert James",male,51,0,0,S.O.P. 1166,12.525,S,Rare,0,Unknown,1,2.604539825,0.635586831,0.41733285,1.620691982,-0.369131165,1,2
152,Yes,1,"Pears, Mrs. Thomas (Edith Wearne)",female,22,1,0,113776,66.6,S,Mrs,1,C,2,4.213607983,0.271173662,0.675158433,-0.528907667,1.291331175,0,1
153,No,3,"Meo, Mr. Alfonzo",male,55.5,0,0,A.5. 11206,8.05,S,Mr,0,Unknown,1,2.202764758,0.692133702,0.352955284,1.954250549,-0.783739064,1,3
154,No,3,"van Billiard, Mr. Austin Blyler",male,40.5,0,2,A/5. 851,14.5,S,Mr,0,Unknown,3,2.740840024,0.503644132,0.43917262,0.842388661,-0.228477491,1,3
155,No,3,"Olsen, Mr. Ole Martin",male,26,0,0,Fa 265302,7.3125,S,Mr,0,Unknown,1,2.117760406,0.321437547,0.339334794,-0.232411163,-0.871458483,1,3
156,No,1,"Williams, Mr. Charles Duane",male,51,0,1,PC 17597,61.3792,C,Mr,0,Unknown,2,4.133231886,0.635586831,0.662279542,1.620691982,1.208387839,1,1
157,Yes,3,"Gilnagh, Miss. Katherine ""Katie""",female,16,0,0,35851,7.7333,Q,Miss,0,Unknown,1,2.167143305,0.195777834,0.347247557,-0.973652422,-0.820498277,0,3
158,No,3,"Corn, Mr. Harry",male,30,0,0,SOTON/OQ 392090,8.05,S,Mr,0,Unknown,1,2.202764758,0.371701433,0.352955284,0.06408534,-0.783739064,1,3
159,No,3,"Smiljanic, Mr. Mile",male,26,0,0,315037,8.6625,S,Mr,0,Unknown,1,2.268252414,0.321437547,0.363448558,-0.232411163,-0.71615971,1,3
160,No,3,"Sage, Master. Thomas Henry",male,4,8,2,CA. 2343,69.55,S,Master,0,Unknown,11,4.256321678,0.044986177,0.682002571,-1.863141932,1.33540916,1,3
161,No,3,"Cribb, Mr. John Hatfield",male,44,0,1,371362,16.1,S,Mr,0,Unknown,2,2.839078464,0.547625031,0.454913645,1.101823102,-0.127101283,1,3
162,Yes,2,"Watt, Mrs. James (Elizabeth ""Bessie"" Inglis Milne)",female,40,0,0,C.A. 33595,15.75,S,Mrs,0,Unknown,1,2.818398258,0.497361146,0.451599997,0.805326598,-0.148442021,0,2
163,No,3,"Bengtsson, Mr. John Viktor",male,26,0,0,347068,7.775,S,Mr,0,Unknown,1,2.171906769,0.321437547,0.348010821,-0.232411163,-0.815582667,1,3
164,No,3,"Calic, Mr. Jovo",male,17,0,0,315093,8.6625,S,Mr,0,Unknown,1,2.268252414,0.208343805,0.363448558,-0.899528296,-0.71615971,1,3
165,No,3,"Panula, Master. Eino Viljami",male,1,4,1,3101295,39.6875,S,Master,0,Unknown,6,3.70592092,0.007288263,0.593810286,-2.085514309,0.767428415,1,3
166,Yes,3,"Goldsmith, Master. Frank John William ""Frankie""",male,9,0,2,363291,20.525,S,Master,0,Unknown,3,3.06921505,0.107816034,0.491789087,-1.492521303,0.110385945,1,3
167,Yes,1,"Chibnall, Mrs. (Edith Martha Bowerman)",female,40,0,1,113505,55,S,Mrs,1,E,2,4.025351691,0.497361146,0.64499359,0.805326598,1.097061913,0,1
168,No,3,"Skoog, Mrs. William (Anna Bernhardina Karlsson)",female,45,1,4,347088,27.9,S,Mrs,0,Unknown,6,3.363841595,0.560191003,0.53899794,1.175947227,0.414422961,0,3
169,No,1,"Baumann, Mr. John D",male,40,0,0,PC 17318,25.925,S,Mr,0,Unknown,1,3.293055223,0.497361146,0.527655637,0.805326598,0.341375648,1,1
170,No,3,"Ling, Mr. Lee",male,28,0,0,1601,56.4958,S,Mr,0,Unknown,1,4.051711902,0.34656949,0.649217362,-0.084162912,1.124264078,1,3
171,No,1,"Van der hoef, Mr. Wyckoff",male,61,0,0,111240,33.5,S,Mr,1,B,1,3.540959324,0.761246544,0.567378019,2.361933241,0.59719789,1,1
172,No,3,"Rice, Master. Arthur",male,4,4,1,382652,29.125,Q,Master,0,Unknown,6,3.405355392,0.044986177,0.545649814,-1.863141932,0.457262722,1,3
173,Yes,3,"Johnson, Miss. Eleanor Ileen",female,1,1,1,347742,11.1333,S,Miss,0,Unknown,3,2.495953739,0.007288263,0.399933791,-2.085514309,-0.481185527,0,3
174,No,3,"Sivola, Mr. Antti Wilhelm",male,21,0,0,STON/O 2. 3101280,7.925,S,Mr,0,Unknown,1,2.188856328,0.25860769,0.350726697,-0.603031793,-0.798091734,1,3
175,No,1,"Smith, Mr. James Clinch",male,56,0,0,17764,30.6958,C,Mr,1,A,1,3.45618418,0.698416688,0.553794255,1.991312612,0.509714999,1,1
176,No,3,"Klasen, Mr. Klas Albin",male,18,1,1,350404,7.8542,S,Mr,0,Unknown,3,2.180891923,0.220909776,0.349450537,-0.82540417,-0.806310525,1,3
177,No,3,"Lefebre, Master. Henry Forbes",male,4,3,1,4133,25.4667,S,Master,0,Unknown,5,3.275887339,0.044986177,0.524904778,-1.863141932,0.323659416,1,3
178,No,1,"Isham, Miss. Ann Elizabeth",female,50,0,0,PC 17595,28.7125,C,Miss,1,C,1,3.391567833,0.62302086,0.543440594,1.546567857,0.443034784,0,1
179,No,2,"Hale, Mr. Reginald",male,30,0,0,250653,13,S,Mr,0,Unknown,1,2.63905733,0.371701433,0.422863688,0.06408534,-0.333511159,1,2
180,No,3,"Leonard, Mr. Lionel",male,36,0,0,LINE,0,S,Mr,0,Unknown,1,0,0.447097261,0,0.508830095,-3.056860874,1,3
181,No,3,"Sage, Miss. Constance Gladys",female,18,8,2,CA. 2343,69.55,S,Miss,0,Unknown,11,4.256321678,0.220909776,0.682002571,-0.82540417,1.33540916,0,3
182,No,2,"Pernot, Mr. Rene",male,31,0,0,SC/PARIS 2131,15.05,C,Mr,0,Unknown,1,2.77570885,0.384267404,0.444759751,0.138209466,-0.192494944,1,2
183,No,3,"Asplund, Master. Clarence Gustaf Hugo",male,9,4,2,347077,31.3875,S,Master,0,Unknown,7,3.477772546,0.107816034,0.557253421,-1.492521303,0.531992905,1,3
184,Yes,2,"Becker, Master. Richard F",male,1,2,1,230136,39,S,Master,1,F,4,3.688879454,0.007288263,0.591079683,-2.085514309,0.749842639,1,2
185,Yes,3,"Kink-Heilmann, Miss. Luise Gretchen",female,4,0,2,315153,22.025,S,Miss,0,Unknown,3,3.136580582,0.044986177,0.502583259,-1.863141932,0.179903154,0,3
186,No,1,"Rood, Mr. Hugh Roscoe",male,40,0,0,113767,50,S,Mr,1,A,1,3.931825633,0.497361146,0.630007643,0.805326598,1.000548601,1,1
187,Yes,3,"O'Brien, Mrs. Thomas (Johanna ""Hannah"" Godfrey)",female,31,1,0,370365,15.5,Q,Mrs,0,Unknown,2,2.803360381,0.384267404,0.449190435,0.138209466,-0.163960213,0,3
188,Yes,1,"Romaine, Mr. Charles Hallace (""Mr C Rolmane"")",male,45,0,0,111428,26.55,S,Mr,0,Unknown,1,3.316002536,0.560191003,0.531332551,1.175947227,0.365055906,1,1
189,No,3,"Bourke, Mr. John",male,40,1,1,364849,15.5,Q,Mr,0,Unknown,3,2.803360381,0.497361146,0.449190435,0.805326598,-0.163960213,1,3
190,No,3,"Turcin, Mr. Stjepan",male,36,0,0,349247,7.8958,S,Mr,0,Unknown,1,2.185579255,0.447097261,0.350201602,0.508830095,-0.801473477,1,3
191,Yes,2,"Pinsky, Mrs. (Rosa)",female,32,0,0,234604,13,S,Mrs,0,Unknown,1,2.63905733,0.396833375,0.422863688,0.212333592,-0.333511159,0,2
192,No,2,"Carbines, Mr. William",male,19,0,0,28424,13,S,Mr,0,Unknown,1,2.63905733,0.233475748,0.422863688,-0.751280044,-0.333511159,1,2
193,Yes,3,"Andersen-Jensen, Miss. Carla Christine Nielsine",female,19,1,0,350046,7.8542,S,Miss,0,Unknown,2,2.180891923,0.233475748,0.349450537,-0.751280044,-0.806310525,0,3
194,Yes,2,"Navratil, Master. Michel M",male,3,1,1,230080,26,S,Master,1,F,3,3.295836866,0.032420206,0.528101348,-1.937266058,0.344246138,1,2
195,Yes,1,"Brown, Mrs. James Joseph (Margaret Tobin)",female,44,0,0,PC 17610,27.7208,C,Mrs,1,B,1,3.357621599,0.547625031,0.538001292,1.101823102,0.408004296,0,1
196,Yes,1,"Lurette, Miss. Elise",female,58,0,0,PC 17569,146.5208,C,Miss,1,B,1,4.993969183,0.72354863,0.800197935,2.139560863,2.096617376,0,1
197,No,3,"Mernagh, Mr. Robert",male,26,0,0,368703,7.75,Q,Mr,0,Unknown,1,2.1690537,0.321437547,0.347553665,-0.232411163,-0.818526864,1,3
198,No,3,"Olsen, Mr. Karl Siegwart Andreas",male,42,0,1,4579,8.4042,S,Mr,0,Unknown,2,2.241156398,0.522493089,0.359106886,0.95357485,-0.744121181,1,3
199,Yes,3,"Madigan, Miss. Margaret ""Maggie""",female,18,0,0,370370,7.75,Q,Miss,0,Unknown,1,2.1690537,0.220909776,0.347553665,-0.82540417,-0.818526864,0,3
200,No,2,"Yrois, Miss. Henriette (""Mrs Harbeck"")",female,24,0,0,248747,13,S,Miss,0,Unknown,1,2.63905733,0.296305604,0.422863688,-0.380659415,-0.333511159,0,2
201,No,3,"Vande Walle, Mr. Nestor Cyriel",male,28,0,0,345770,9.5,S,Mr,0,Unknown,1,2.351375257,0.34656949,0.376767569,-0.084162912,-0.630381895,1,3
202,No,3,"Sage, Mr. Frederick",male,26,8,2,CA. 2343,69.55,S,Mr,0,Unknown,11,4.256321678,0.321437547,0.682002571,-0.232411163,1.33540916,1,3
203,No,3,"Johanson, Mr. Jakob Alfred",male,34,0,0,3101264,6.4958,S,Mr,0,Unknown,1,2.014342864,0.421965318,0.322763906,0.360581843,-0.978179217,1,3
204,No,3,"Youseff, Mr. Gerious",male,45.5,0,0,2628,7.225,C,Mr,0,Unknown,1,2.107178297,0.566473988,0.337639193,1.21300929,-0.882378589,1,3
205,Yes,3,"Cohen, Mr. Gurshon ""Gus""",male,18,0,0,A/5 3540,8.05,S,Mr,0,Unknown,1,2.202764758,0.220909776,0.352955284,-0.82540417,-0.783739064,1,3
206,No,3,"Strom, Miss. Telma Matilda",female,2,0,1,347054,10.4625,S,Miss,1,G,2,2.439080838,0.019854235,0.390820884,-2.011390183,-0.539874968,0,3
207,No,3,"Backstrom, Mr. Karl Alfred",male,32,1,0,3101278,15.85,S,Mr,0,Unknown,2,2.824350657,0.396833375,0.452553767,0.212333592,-0.142299501,1,3
208,Yes,3,"Albimona, Mr. Nassef Cassem",male,26,0,0,2699,18.7875,C,Mr,0,Unknown,1,2.985050425,0.321437547,0.478303149,-0.232411163,0.023533073,1,3
209,Yes,3,"Carr, Miss. Helen ""Ellen""",female,16,0,0,367231,7.75,Q,Miss,0,Unknown,1,2.1690537,0.195777834,0.347553665,-0.973652422,-0.818526864,0,3
210,Yes,1,"Blank, Mr. Henry",male,40,0,0,112277,31,C,Mr,1,A,1,3.465735903,0.497361146,0.555324755,0.805326598,0.519571807,1,1
211,No,3,"Ali, Mr. Ahmed",male,24,0,0,SOTON/O.Q. 3101311,7.05,S,Mr,0,Unknown,1,2.085672091,0.296305604,0.334193192,-0.380659415,-0.904571709,1,3
212,Yes,2,"Cameron, Miss. Clear Annie",female,35,0,0,F.C.C. 13528,21,S,Miss,0,Unknown,1,3.091042453,0.434531289,0.495286554,0.434705969,0.132910522,0,2
213,No,3,"Perkin, Mr. John Henry",male,22,0,0,A/5 21174,7.25,S,Mr,0,Unknown,1,2.1102132,0.271173662,0.338125484,-0.528907667,-0.879246749,1,3
214,No,2,"Givard, Mr. Hans Kristensen",male,30,0,0,250646,13,S,Mr,0,Unknown,1,2.63905733,0.371701433,0.422863688,0.06408534,-0.333511159,1,2
215,No,3,"Kiernan, Mr. Philip",male,26,1,0,367229,7.75,Q,Mr,0,Unknown,2,2.1690537,0.321437547,0.347553665,-0.232411163,-0.818526864,1,3
216,Yes,1,"Newell, Miss. Madeleine",female,31,1,0,35273,113.275,C,Miss,1,D,2,4.738607824,0.384267404,0.759280656,0.138209466,1.833099689,0,1
217,Yes,3,"Honkanen, Miss. Eliina",female,27,0,0,STON/O2. 3101283,7.925,S,Miss,0,Unknown,1,2.188856328,0.334003518,0.350726697,-0.158287038,-0.798091734,0,3
218,No,2,"Jacobsohn, Mr. Sidney Samuel",male,42,1,0,243847,27,S,Mr,0,Unknown,2,3.33220451,0.522493089,0.533928639,0.95357485,0.381775377,1,2
219,Yes,1,"Bazzani, Miss. Albina",female,32,0,0,11813,76.2917,C,Miss,1,D,1,4.347586576,0.396833375,0.696626206,0.212333592,1.42958909,0,1
220,No,2,"Harris, Mr. Walter",male,30,0,0,W/C 14208,10.5,S,Mr,0,Unknown,1,2.442347035,0.371701433,0.391344236,0.06408534,-0.536504447,1,2
221,Yes,3,"Sunderland, Mr. Victor Francis",male,16,0,0,SOTON/OQ 392089,8.05,S,Mr,0,Unknown,1,2.202764758,0.195777834,0.352955284,-0.973652422,-0.783739064,1,3
222,No,2,"Bracken, Mr. James H",male,27,0,0,220367,13,S,Mr,0,Unknown,1,2.63905733,0.334003518,0.422863688,-0.158287038,-0.333511159,1,2
223,No,3,"Green, Mr. George Henry",male,51,0,0,21440,8.05,S,Mr,0,Unknown,1,2.202764758,0.635586831,0.352955284,1.620691982,-0.783739064,1,3
224,No,3,"Nenkoff, Mr. Christo",male,26,0,0,349234,7.8958,S,Mr,0,Unknown,1,2.185579255,0.321437547,0.350201602,-0.232411163,-0.801473477,1,3
225,Yes,1,"Hoyt, Mr. Frederick Maxfield",male,38,1,0,19943,90,S,Mr,1,C,2,4.510859507,0.472229203,0.722787893,0.657078347,1.598077013,1,1
226,No,3,"Berglund, Mr. Karl Ivar Sven",male,22,0,0,PP 4348,9.35,S,Mr,0,Unknown,1,2.33698652,0.271173662,0.37446202,-0.528907667,-0.645230213,1,3
227,Yes,2,"Mellors, Mr. William John",male,19,0,0,SW/PP 751,10.5,S,Mr,0,Unknown,1,2.442347035,0.233475748,0.391344236,-0.751280044,-0.536504447,1,2
228,No,3,"Lovell, Mr. John Hall (""Henry"")",male,20.5,0,0,A/5 21173,7.25,S,Mr,0,Unknown,1,2.1102132,0.252324705,0.338125484,-0.640093856,-0.879246749,1,3
229,No,2,"Fahlstrom, Mr. Arne Jonas",male,18,0,0,236171,13,S,Mr,0,Unknown,1,2.63905733,0.220909776,0.422863688,-0.82540417,-0.333511159,1,2
230,No,3,"Lefebre, Miss. Mathilde",female,18,3,1,4133,25.4667,S,Miss,0,Unknown,5,3.275887339,0.220909776,0.524904778,-0.82540417,0.323659416,0,3
231,Yes,1,"Harris, Mrs. Henry Birkhardt (Irene Wallach)",female,35,1,0,36973,83.475,S,Mrs,1,C,2,4.436455633,0.434531289,0.710865948,0.434705969,1.521296654,0,1
232,No,3,"Larsson, Mr. Bengt Edvin",male,29,0,0,347067,7.775,S,Mr,0,Unknown,1,2.171906769,0.359135461,0.348010821,-0.010038786,-0.815582667,1,3
233,No,2,"Sjostedt, Mr. Ernst Adolf",male,59,0,0,237442,13.5,S,Mr,0,Unknown,1,2.674148649,0.736114602,0.42848647,2.213684989,-0.297299011,1,2
234,Yes,3,"Asplund, Miss. Lillian Gertrud",female,5,4,2,347077,31.3875,S,Miss,0,Unknown,7,3.477772546,0.057552149,0.557253421,-1.789017806,0.531992905,0,3
235,No,2,"Leyson, Mr. Robert William Norman",male,24,0,0,C.A. 29566,10.5,S,Mr,0,Unknown,1,2.442347035,0.296305604,0.391344236,-0.380659415,-0.536504447,1,2
236,No,3,"Harknett, Miss. Alice Phoebe",female,18,0,0,W./C. 6609,7.55,S,Miss,0,Unknown,1,2.145931283,0.220909776,0.343848694,-0.82540417,-0.842387819,0,3
237,No,2,"Hold, Mr. Stephen",male,44,1,0,26707,26,S,Mr,0,Unknown,2,3.295836866,0.547625031,0.528101348,1.101823102,0.344246138,1,2
238,Yes,2,"Collyer, Miss. Marjorie ""Lottie""",female,8,0,2,C.A. 31921,26.25,S,Miss,0,Unknown,3,3.305053521,0.095250063,0.529578159,-1.566645428,0.353757176,0,2
239,No,2,"Pengelly, Mr. Frederick William",male,19,0,0,28665,10.5,S,Mr,0,Unknown,1,2.442347035,0.233475748,0.391344236,-0.751280044,-0.536504447,1,2
240,No,2,"Hunt, Mr. George Henry",male,33,0,0,SCO/W 1585,12.275,S,Mr,0,Unknown,1,2.585882567,0.409399347,0.414343344,0.286457717,-0.388384342,1,2
241,No,3,"Zabour, Miss. Thamine",female,18,1,0,2665,14.4542,C,Miss,0,Unknown,2,2.737880811,0.220909776,0.438698457,-0.82540417,-0.231531222,0,3
242,Yes,3,"Murphy, Miss. Katherine ""Kate""",female,18,1,0,367230,15.5,Q,Miss,0,Unknown,2,2.803360381,0.220909776,0.449190435,-0.82540417,-0.163960213,0,3
243,No,2,"Coleridge, Mr. Reginald Charles",male,29,0,0,W./C. 14263,10.5,S,Mr,0,Unknown,1,2.442347035,0.359135461,0.391344236,-0.010038786,-0.536504447,1,2
244,No,3,"Maenpaa, Mr. Matti Alexanteri",male,22,0,0,STON/O 2. 3101275,7.125,S,Mr,0,Unknown,1,2.094945728,0.271173662,0.335679133,-0.528907667,-0.89500187,1,3
245,No,3,"Attalah, Mr. Sleiman",male,30,0,0,2694,7.225,C,Mr,0,Unknown,1,2.107178297,0.371701433,0.337639193,0.06408534,-0.882378589,1,3
246,No,1,"Minahan, Dr. William Edward",male,44,2,0,19928,90,Q,Rare,1,C,3,4.510859507,0.547625031,0.722787893,1.101823102,1.598077013,1,1
247,No,3,"Lindahl, Miss. Agda Thorilda Viktoria",female,25,0,0,347071,7.775,S,Miss,0,Unknown,1,2.171906769,0.308871576,0.348010821,-0.306535289,-0.815582667,0,3
248,Yes,2,"Hamalainen, Mrs. William (Anna)",female,24,0,2,250649,14.5,S,Mrs,0,Unknown,3,2.740840024,0.296305604,0.43917262,-0.380659415,-0.228477491,0,2
249,Yes,1,"Beckwith, Mr. Richard Leonard",male,37,1,1,11751,52.5542,S,Mr,1,D,3,3.980694225,0.459663232,0.637837997,0.582954221,1.050978073,1,1
250,No,2,"Carter, Rev. Ernest Courtenay",male,54,1,0,244252,26,S,Rare,0,Unknown,2,3.295836866,0.673284745,0.528101348,1.84306436,0.344246138,1,2
251,No,3,"Reed, Mr. James George",male,26,0,0,362316,7.25,S,Mr,0,Unknown,1,2.1102132,0.321437547,0.338125484,-0.232411163,-0.879246749,1,3
252,No,3,"Strom, Mrs. Wilhelm (Elna Matilda Persson)",female,29,1,1,347054,10.4625,S,Mrs,1,G,3,2.439080838,0.359135461,0.390820884,-0.010038786,-0.539874968,0,3
253,No,1,"Stead, Mr. William Thomas",male,62,0,0,113514,26.55,S,Mr,1,C,1,3.316002536,0.773812516,0.531332551,2.436057367,0.365055906,1,1
254,No,3,"Lobb, Mr. William Arthur",male,30,1,0,A/5. 3336,16.1,S,Mr,0,Unknown,2,2.839078464,0.371701433,0.454913645,0.06408534,-0.127101283,1,3
255,No,3,"Rosblom, Mrs. Viktor (Helena Wilhelmina)",female,41,0,2,370129,20.2125,S,Mrs,0,Unknown,3,3.054590631,0.509927117,0.489445775,0.879450724,0.095294416,0,3
256,Yes,3,"Touma, Mrs. Darwis (Hanne Youssef Razi)",female,29,0,2,2650,15.2458,C,Mrs,0,Unknown,3,2.787834414,0.359135461,0.446702665,-0.010038786,-0.179982085,0,3
257,Yes,1,"Thorne, Mrs. Gertrude Maybelle",female,40,0,0,PC 17585,79.2,C,Mrs,0,Unknown,1,4.384523515,0.497361146,0.702544717,0.805326598,1.467705807,0,1
258,Yes,1,"Cherry, Miss. Gladys",female,30,0,0,110152,86.5,S,Miss,1,B,1,4.471638793,0.371701433,0.716503446,0.06408534,1.557603577,0,1
259,Yes,1,"Ward, Miss. Anna",female,35,0,0,PC 17755,512.3292,C,Miss,0,Unknown,1,6.240917355,0.434531289,1,0.434705969,3.383393495,0,1
260,Yes,2,"Parrish, Mrs. (Lutie Davis)",female,50,0,1,230433,26,S,Mrs,0,Unknown,2,3.295836866,0.62302086,0.528101348,1.546567857,0.344246138,0,2
261,No,3,"Smith, Mr. Thomas",male,26,0,0,384461,7.75,Q,Mr,0,Unknown,1,2.1690537,0.321437547,0.347553665,-0.232411163,-0.818526864,1,3
262,Yes,3,"Asplund, Master. Edvin Rojj Felix",male,3,4,2,347077,31.3875,S,Master,0,Unknown,7,3.477772546,0.032420206,0.557253421,-1.937266058,0.531992905,1,3
263,No,1,"Taussig, Mr. Emil",male,52,1,1,110413,79.65,S,Mr,1,E,3,4.390118805,0.648152802,0.703441266,1.694816108,1.473479812,1,1
264,No,1,"Harrison, Mr. William",male,40,0,0,112059,0,S,Mr,1,B,1,0,0.497361146,0,0.805326598,-3.056860874,1,1
265,No,3,"Henry, Miss. Delia",female,18,0,0,382649,7.75,Q,Miss,0,Unknown,1,2.1690537,0.220909776,0.347553665,-0.82540417,-0.818526864,0,3
266,No,2,"Reeves, Mr. David",male,36,0,0,C.A. 17248,10.5,S,Mr,0,Unknown,1,2.442347035,0.447097261,0.391344236,0.508830095,-0.536504447,1,2
267,No,3,"Panula, Mr. Ernesti Arvid",male,16,4,1,3101295,39.6875,S,Mr,0,Unknown,6,3.70592092,0.195777834,0.593810286,-0.973652422,0.767428415,1,3
268,Yes,3,"Persson, Mr. Ernst Ulrik",male,25,1,0,347083,7.775,S,Mr,0,Unknown,2,2.171906769,0.308871576,0.348010821,-0.306535289,-0.815582667,1,3
269,Yes,1,"Graham, Mrs. William Thompson (Edith Junkins)",female,58,0,1,PC 17582,153.4625,S,Mrs,1,C,2,5.039951348,0.72354863,0.807565789,2.139560863,2.144068227,0,1
270,Yes,1,"Bissette, Miss. Amelia",female,35,0,0,PC 17760,135.6333,S,Miss,1,C,1,4.917300695,0.434531289,0.787913125,0.434705969,2.01750007,0,1
271,No,1,"Cairns, Mr. Alexander",male,40,0,0,113798,31,S,Mr,0,Unknown,1,3.465735903,0.497361146,0.555324755,0.805326598,0.519571807,1,1
272,Yes,3,"Tornquist, Mr. William Henry",male,25,0,0,LINE,0,S,Mr,0,Unknown,1,0,0.308871576,0,-0.306535289,-3.056860874,1,3
273,Yes,2,"Mellinger, Mrs. (Elizabeth Anne Maidment)",female,41,0,1,250644,19.5,S,Mrs,0,Unknown,2,3.020424886,0.509927117,0.4839713,0.879450724,0.060037406,0,2
274,No,1,"Natsch, Mr. Charles H",male,37,0,1,PC 17596,29.7,C,Mr,1,C,2,3.424262655,0.459663232,0.548679378,0.582954221,0.47677389,1,1
275,Yes,3,"Healy, Miss. Hanora ""Nora""",female,18,0,0,370375,7.75,Q,Miss,0,Unknown,1,2.1690537,0.220909776,0.347553665,-0.82540417,-0.818526864,0,3
276,Yes,1,"Andrews, Miss. Kornelia Theodosia",female,63,1,0,13502,77.9583,S,Miss,1,D,2,4.368919865,0.786378487,0.700044499,2.510181492,1.451603771,0,1
277,No,3,"Lindblom, Miss. Augusta Charlotta",female,45,0,0,347073,7.75,S,Miss,0,Unknown,1,2.1690537,0.560191003,0.347553665,1.175947227,-0.818526864,0,3
278,No,2,"Parkes, Mr. Francis ""Frank""",male,31,0,0,239853,0,S,Mr,0,Unknown,1,0,0.384267404,0,0.138209466,-3.056860874,1,2
279,No,3,"Rice, Master. Eric",male,7,4,1,382652,29.125,Q,Master,0,Unknown,6,3.405355392,0.082684091,0.545649814,-1.640769554,0.457262722,1,3
280,Yes,3,"Abbott, Mrs. Stanton (Rosa Hunt)",female,35,1,1,C.A. 2673,20.25,S,Mrs,0,Unknown,3,3.056356895,0.434531289,0.489728789,0.434705969,0.097117096,0,3
281,No,3,"Duane, Mr. Frank",male,65,0,0,336439,7.75,Q,Mr,0,Unknown,1,2.1690537,0.81151043,0.347553665,2.658429744,-0.818526864,1,3
282,No,3,"Olsson, Mr. Nils Johan Goransson",male,28,0,0,347464,7.8542,S,Mr,0,Unknown,1,2.180891923,0.34656949,0.349450537,-0.084162912,-0.806310525,1,3
283,No,3,"de Pelsmaeker, Mr. Alfons",male,16,0,0,345778,9.5,S,Mr,0,Unknown,1,2.351375257,0.195777834,0.376767569,-0.973652422,-0.630381895,1,3
284,Yes,3,"Dorking, Mr. Edward Arthur",male,19,0,0,A/5. 10482,8.05,S,Mr,0,Unknown,1,2.202764758,0.233475748,0.352955284,-0.751280044,-0.783739064,1,3
285,No,1,"Smith, Mr. Richard William",male,40,0,0,113056,26,S,Mr,1,A,1,3.295836866,0.497361146,0.528101348,0.805326598,0.344246138,1,1
286,No,3,"Stankovic, Mr. Ivan",male,33,0,0,349239,8.6625,C,Mr,0,Unknown,1,2.268252414,0.409399347,0.363448558,0.286457717,-0.71615971,1,3
287,Yes,3,"de Mulder, Mr. Theodore",male,30,0,0,345774,9.5,S,Mr,0,Unknown,1,2.351375257,0.371701433,0.376767569,0.06408534,-0.630381895,1,3
288,No,3,"Naidenoff, Mr. Penko",male,22,0,0,349206,7.8958,S,Mr,0,Unknown,1,2.185579255,0.271173662,0.350201602,-0.528907667,-0.801473477,1,3
289,Yes,2,"Hosono, Mr. Masabumi",male,42,0,0,237798,13,S,Mr,0,Unknown,1,2.63905733,0.522493089,0.422863688,0.95357485,-0.333511159,1,2
290,Yes,3,"Connolly, Miss. Kate",female,22,0,0,370373,7.75,Q,Miss,0,Unknown,1,2.1690537,0.271173662,0.347553665,-0.528907667,-0.818526864,0,3
291,Yes,1,"Barber, Miss. Ellen ""Nellie""",female,26,0,0,19877,78.85,S,Miss,0,Unknown,1,4.380149875,0.321437547,0.701843916,-0.232411163,1.463192471,0,1
292,Yes,1,"Bishop, Mrs. Dickinson H (Helen Walton)",female,19,1,0,11967,91.0792,C,Mrs,1,B,2,4.522649076,0.233475748,0.72467697,-0.751280044,1.610243145,0,1
293,No,2,"Levy, Mr. Rene Jacques",male,36,0,0,SC/Paris 2163,12.875,C,Mr,1,D,1,2.63008866,0.447097261,0.421426612,0.508830095,-0.342766292,1,2
294,No,3,"Haas, Miss. Aloisia",female,24,0,0,349236,8.85,S,Miss,0,Unknown,1,2.287471455,0.296305604,0.36652808,-0.380659415,-0.696326806,0,3
295,No,3,"Mineff, Mr. Ivan",male,24,0,0,349233,7.8958,S,Mr,0,Unknown,1,2.185579255,0.296305604,0.350201602,-0.380659415,-0.801473477,1,3
296,No,1,"Lewy, Mr. Ervin G",male,40,0,0,PC 17612,27.7208,C,Mr,0,Unknown,1,3.357621599,0.497361146,0.538001292,0.805326598,0.408004296,1,1
297,No,3,"Hanna, Mr. Mansour",male,23.5,0,0,2693,7.2292,C,Mr,0,Unknown,1,2.107688805,0.290022619,0.337720993,-0.417721478,-0.881851775,1,3
298,No,1,"Allison, Miss. Helen Loraine",female,2,1,2,113781,151.55,S,Miss,1,C,4,5.027492411,0.019854235,0.805569458,-2.011390183,2.131211347,0,1
299,Yes,1,"Saalfeld, Mr. Adolphe",male,40,0,0,19988,30.5,S,Mr,1,C,1,3.449987546,0.497361146,0.552801351,0.805326598,0.503320443,1,1
300,Yes,1,"Baxter, Mrs. James (Helene DeLaudeniere Chaput)",female,50,0,1,PC 17558,247.5208,C,Mrs,1,B,2,5.515526544,0.62302086,0.88376856,1.546567857,2.634833456,0,1
301,Yes,3,"Kelly, Miss. Anna Katherine ""Annie Kate""",female,18,0,0,9234,7.75,Q,Miss,0,Unknown,1,2.1690537,0.220909776,0.347553665,-0.82540417,-0.818526864,0,3
302,Yes,3,"McCoy, Mr. Bernard",male,26,2,0,367226,23.25,Q,Mr,0,Unknown,3,3.188416617,0.321437547,0.510889095,-0.232411163,0.23339485,1,3
303,No,3,"Johnson, Mr. William Cahoone Jr",male,19,0,0,LINE,0,S,Mr,0,Unknown,1,0,0.233475748,0,-0.751280044,-3.056860874,1,3
304,Yes,2,"Keane, Miss. Nora A",female,24,0,0,226593,12.35,Q,Miss,1,E,1,2.591516385,0.296305604,0.415246067,-0.380659415,-0.382570578,0,2
305,No,3,"Williams, Mr. Howard Hugh ""Harry""",male,26,0,0,A/5 2466,8.05,S,Mr,0,Unknown,1,2.202764758,0.321437547,0.352955284,-0.232411163,-0.783739064,1,3
306,Yes,1,"Allison, Master. Hudson Trevor",male,0.92,1,2,113781,151.55,S,Master,1,C,4,5.027492411,0.006282986,0.805569458,-2.091444239,2.131211347,1,1
307,Yes,1,"Fleming, Miss. Margaret",female,30,0,0,17421,110.8833,C,Miss,0,Unknown,1,4.717456364,0.371701433,0.755891497,0.06408534,1.811272644,0,1
308,Yes,1,"Penasco y Castellana, Mrs. Victor de Satode (Maria Josefa Perez de Soto y Vallejo)",female,17,1,0,PC 17758,108.9,C,Mrs,1,C,2,4.699570861,0.208343805,0.753025652,-0.899528296,1.792815872,0,1
309,No,2,"Abelson, Mr. Samuel",male,30,1,0,P/PP 3381,24,C,Mr,0,Unknown,2,3.218875825,0.371701433,0.51576966,0.06408534,0.264826935,1,2
310,Yes,1,"Francatelli, Miss. Laura Mabel",female,30,0,0,PC 17485,56.9292,C,Miss,1,E,1,4.059221575,0.371701433,0.650420658,0.06408534,1.132013613,0,1
311,Yes,1,"Hays, Miss. Margaret Bechstein",female,24,0,0,11767,83.1583,C,Miss,1,C,1,4.432699549,0.296305604,0.7102641,-0.380659415,1.5174206,0,1
312,Yes,1,"Ryerson, Miss. Emily Borie",female,18,2,2,PC 17608,262.375,C,Miss,1,B,5,5.573578872,0.220909776,0.89307045,-0.82540417,2.694739995,0,1
313,No,2,"Lahtinen, Mrs. William (Anna Sylfven)",female,26,1,1,250651,26,S,Mrs,0,Unknown,3,3.295836866,0.321437547,0.528101348,-0.232411163,0.344246138,0,2
314,No,3,"Hendekovic, Mr. Ignjac",male,28,0,0,349243,7.8958,S,Mr,0,Unknown,1,2.185579255,0.34656949,0.350201602,-0.084162912,-0.801473477,1,3
315,No,2,"Hart, Mr. Benjamin",male,43,1,1,F.C.C. 13529,26.25,S,Mr,0,Unknown,3,3.305053521,0.53505906,0.529578159,1.027698976,0.353757176,1,2
316,Yes,3,"Nilsson, Miss. Helmina Josefina",female,26,0,0,347470,7.8542,S,Miss,0,Unknown,1,2.180891923,0.321437547,0.349450537,-0.232411163,-0.806310525,0,3
317,Yes,2,"Kantor, Mrs. Sinai (Miriam Sternin)",female,24,1,0,244367,26,S,Mrs,0,Unknown,2,3.295836866,0.296305604,0.528101348,-0.380659415,0.344246138,0,2
318,No,2,"Moraweck, Dr. Ernest",male,54,0,0,29011,14,S,Rare,0,Unknown,1,2.708050201,0.673284745,0.433918613,1.84306436,-0.262314632,1,2
319,Yes,1,"Wick, Miss. Mary Natalie",female,31,0,2,36928,164.8667,S,Miss,1,C,3,5.111184454,0.384267404,0.818979673,0.138209466,2.217576542,0,1
320,Yes,1,"Spedden, Mrs. Frederic Oakley (Margaretta Corning Stone)",female,40,1,1,16966,134.5,C,Mrs,1,E,3,4.90897164,0.497361146,0.786578537,0.805326598,2.008904983,0,1
321,No,3,"Dennis, Mr. Samuel",male,22,0,0,A/5 21172,7.25,S,Mr,0,Unknown,1,2.1102132,0.271173662,0.338125484,-0.528907667,-0.879246749,1,3
322,No,3,"Danoff, Mr. Yoto",male,27,0,0,349219,7.8958,S,Mr,0,Unknown,1,2.185579255,0.334003518,0.350201602,-0.158287038,-0.801473477,1,3
323,Yes,2,"Slayter, Miss. Hilda Mary",female,30,0,0,234818,12.35,Q,Miss,0,Unknown,1,2.591516385,0.371701433,0.415246067,0.06408534,-0.382570578,0,2
324,Yes,2,"Caldwell, Mrs. Albert Francis (Sylvia Mae Harbaugh)",female,22,1,1,248738,29,S,Mrs,0,Unknown,3,3.401197382,0.271173662,0.544983564,-0.528907667,0.452971904,0,2
325,No,3,"Sage, Mr. George John Jr",male,26,8,2,CA. 2343,69.55,S,Mr,0,Unknown,11,4.256321678,0.321437547,0.682002571,-0.232411163,1.33540916,1,3
326,Yes,1,"Young, Miss. Marie Grice",female,36,0,0,PC 17760,135.6333,C,Miss,1,C,1,4.917300695,0.447097261,0.787913125,0.508830095,2.01750007,0,1
327,No,3,"Nysveen, Mr. Johan Hansen",male,61,0,0,345364,6.2375,S,Mr,0,Unknown,1,1.979275843,0.761246544,0.317145017,2.361933241,-1.01436629,1,3
328,Yes,2,"Ball, Mrs. (Ada E Hall)",female,36,0,0,28551,13,S,Mrs,1,D,1,2.63905733,0.447097261,0.422863688,0.508830095,-0.333511159,0,2
329,Yes,3,"Goldsmith, Mrs. Frank John (Emily Alice Brown)",female,31,1,1,363291,20.525,S,Mrs,0,Unknown,3,3.06921505,0.384267404,0.491789087,0.138209466,0.110385945,0,3
330,Yes,1,"Hippach, Miss. Jean Gertrude",female,16,0,1,111361,57.9792,C,Miss,1,B,2,4.077184839,0.195777834,0.653298964,-0.973652422,1.15055063,0,1
331,Yes,3,"McCoy, Miss. Agnes",female,18,2,0,367226,23.25,Q,Miss,0,Unknown,3,3.188416617,0.220909776,0.510889095,-0.82540417,0.23339485,0,3
332,No,1,"Partner, Mr. Austen",male,45.5,0,0,113043,28.5,S,Mr,1,C,1,3.384390263,0.566473988,0.542290511,1.21300929,0.435627961,1,1
333,No,1,"Graham, Mr. George Edward",male,38,0,1,PC 17582,153.4625,S,Mr,1,C,2,5.039951348,0.472229203,0.807565789,0.657078347,2.144068227,1,1
334,No,3,"Vander Planke, Mr. Leo Edmondus",male,16,2,0,345764,18,S,Mr,0,Unknown,3,2.944438979,0.195777834,0.471795861,-0.973652422,-0.018375517,1,3
335,Yes,1,"Frauenthal, Mrs. Henry William (Clara Heinsheimer)",female,40,1,0,PC 17611,133.65,S,Mrs,0,Unknown,2,4.902678819,0.497361146,0.78557022,0.805326598,2.002411167,0,1
336,No,3,"Denkoff, Mr. Mitto",male,26,0,0,349225,7.8958,S,Mr,0,Unknown,1,2.185579255,0.321437547,0.350201602,-0.232411163,-0.801473477,1,3
337,No,1,"Pears, Mr. Thomas Clinton",male,29,1,0,113776,66.6,S,Mr,1,C,2,4.213607983,0.359135461,0.675158433,-0.010038786,1.291331175,1,1
338,Yes,1,"Burns, Miss. Elizabeth Margaret",female,41,0,0,16966,134.5,C,Miss,1,E,1,4.90897164,0.509927117,0.786578537,0.879450724,2.008904983,0,1
339,Yes,3,"Dahl, Mr. Karl Edwart",male,45,0,0,7598,8.05,S,Mr,0,Unknown,1,2.202764758,0.560191003,0.352955284,1.175947227,-0.783739064,1,3
340,No,1,"Blackwell, Mr. Stephen Weart",male,45,0,0,113784,35.5,S,Mr,1,T,1,3.597312261,0.560191003,0.576407611,1.175947227,0.655350759,1,1
341,Yes,2,"Navratil, Master. Edmond Roger",male,2,1,1,230080,26,S,Master,1,F,3,3.295836866,0.019854235,0.528101348,-2.011390183,0.344246138,1,2
342,Yes,1,"Fortune, Miss. Alice Elizabeth",female,24,3,2,19950,263,S,Miss,1,C,6,5.575949103,0.296305604,0.893450239,-0.380659415,2.697185932,0,1
343,No,2,"Collander, Mr. Erik Gustaf",male,28,0,0,248740,13,S,Mr,0,Unknown,1,2.63905733,0.34656949,0.422863688,-0.084162912,-0.333511159,1,2
344,No,2,"Sedgwick, Mr. Charles Frederick Waddington",male,25,0,0,244361,13,S,Mr,0,Unknown,1,2.63905733,0.308871576,0.422863688,-0.306535289,-0.333511159,1,2
345,No,2,"Fox, Mr. Stanley Hubert",male,36,0,0,229236,13,S,Mr,0,Unknown,1,2.63905733,0.447097261,0.422863688,0.508830095,-0.333511159,1,2
346,Yes,2,"Brown, Miss. Amelia ""Mildred""",female,24,0,0,248733,13,S,Miss,1,F,1,2.63905733,0.296305604,0.422863688,-0.380659415,-0.333511159,0,2
347,Yes,2,"Smith, Miss. Marion Elsie",female,40,0,0,31418,13,S,Miss,0,Unknown,1,2.63905733,0.497361146,0.422863688,0.805326598,-0.333511159,0,2
348,Yes,3,"Davison, Mrs. Thomas Henry (Mary E Finck)",female,31,1,0,386525,16.1,S,Mrs,0,Unknown,2,2.839078464,0.384267404,0.454913645,0.138209466,-0.127101283,0,3
349,Yes,3,"Coutts, Master. William Loch ""William""",male,3,1,1,C.A. 37671,15.9,S,Master,0,Unknown,3,2.827313622,0.032420206,0.453028531,-1.937266058,-0.139241897,1,3
350,No,3,"Dimic, Mr. Jovan",male,42,0,0,315088,8.6625,S,Mr,0,Unknown,1,2.268252414,0.522493089,0.363448558,0.95357485,-0.71615971,1,3
351,No,3,"Odahl, Mr. Nils Martin",male,23,0,0,7267,9.225,S,Mr,0,Unknown,1,2.324835702,0.283739633,0.37251506,-0.454783541,-0.657769132,1,3
352,No,1,"Williams-Lambert, Mr. Fletcher Fellows",male,40,0,0,113510,35,S,Mr,1,C,1,3.583518938,0.497361146,0.574197467,0.805326598,0.641116873,1,1
353,No,3,"Elias, Mr. Tannous",male,15,1,1,2695,7.2292,C,Mr,0,Unknown,3,2.107688805,0.183211862,0.337720993,-1.047776548,-0.881851775,1,3
354,No,3,"Arnold-Franchi, Mr. Josef",male,25,1,0,349237,17.8,S,Mr,0,Unknown,2,2.93385687,0.308871576,0.47010026,-0.306535289,-0.029295622,1,3
355,No,3,"Yousif, Mr. Wazli",male,26,0,0,2647,7.225,C,Mr,0,Unknown,1,2.107178297,0.321437547,0.337639193,-0.232411163,-0.882378589,1,3
356,No,3,"Vanden Steen, Mr. Leo Peter",male,28,0,0,345783,9.5,S,Mr,0,Unknown,1,2.351375257,0.34656949,0.376767569,-0.084162912,-0.630381895,1,3
357,Yes,1,"Bowerman, Miss. Elsie Edith",female,22,0,1,113505,55,S,Miss,1,E,2,4.025351691,0.271173662,0.64499359,-0.528907667,1.097061913,0,1
358,No,2,"Funk, Miss. Annie Clemmer",female,38,0,0,237671,13,S,Miss,0,Unknown,1,2.63905733,0.472229203,0.422863688,0.657078347,-0.333511159,0,2
359,Yes,3,"McGovern, Miss. Mary",female,18,0,0,330931,7.8792,Q,Miss,0,Unknown,1,2.183711463,0.220909776,0.34990232,-0.82540417,-0.803400927,0,3
360,Yes,3,"Mockler, Miss. Helen Mary ""Ellie""",female,18,0,0,330980,7.8792,Q,Miss,0,Unknown,1,2.183711463,0.220909776,0.34990232,-0.82540417,-0.803400927,0,3
361,No,3,"Skoog, Mr. Wilhelm",male,40,1,4,347088,27.9,S,Mr,0,Unknown,6,3.363841595,0.497361146,0.53899794,0.805326598,0.414422961,1,3
362,No,2,"del Carlo, Mr. Sebastiano",male,29,1,0,SC/PARIS 2167,27.7208,C,Mr,0,Unknown,2,3.357621599,0.359135461,0.538001292,-0.010038786,0.408004296,1,2
363,No,3,"Barbara, Mrs. (Catherine David)",female,45,0,1,2691,14.4542,C,Mrs,0,Unknown,2,2.737880811,0.560191003,0.438698457,1.175947227,-0.231531222,0,3
364,No,3,"Asim, Mr. Adola",male,35,0,0,SOTON/O.Q. 3101310,7.05,S,Mr,0,Unknown,1,2.085672091,0.434531289,0.334193192,0.434705969,-0.904571709,1,3
365,No,3,"O'Brien, Mr. Thomas",male,26,1,0,370365,15.5,Q,Mr,0,Unknown,2,2.803360381,0.321437547,0.449190435,-0.232411163,-0.163960213,1,3
366,No,3,"Adahl, Mr. Mauritz Nils Martin",male,30,0,0,C 7076,7.25,S,Mr,0,Unknown,1,2.1102132,0.371701433,0.338125484,0.06408534,-0.879246749,1,3
367,Yes,1,"Warren, Mrs. Frank Manley (Anna Sophia Atkinson)",female,60,1,0,110813,75.25,C,Mrs,1,D,2,4.334017415,0.748680573,0.69445198,2.287809115,1.415586526,0,1
368,Yes,3,"Moussa, Mrs. (Mantoura Boulos)",female,31,0,0,2626,7.2292,C,Mrs,0,Unknown,1,2.107688805,0.384267404,0.337720993,0.138209466,-0.881851775,0,3
369,Yes,3,"Jermyn, Miss. Annie",female,18,0,0,14313,7.75,Q,Miss,0,Unknown,1,2.1690537,0.220909776,0.347553665,-0.82540417,-0.818526864,0,3
370,Yes,1,"Aubart, Mme. Leontine Pauline",female,24,0,0,PC 17477,69.3,C,Mrs,1,B,1,4.252771799,0.296305604,0.681433763,-0.380659415,1.331745896,0,1
371,Yes,1,"Harder, Mr. George Achilles",male,25,1,0,11765,55.4417,C,Mr,1,E,2,4.033208247,0.308871576,0.646252469,-0.306535289,1.10516941,1,1
372,No,3,"Wiklund, Mr. Jakob Alfred",male,18,1,0,3101267,6.4958,S,Mr,0,Unknown,2,2.014342864,0.220909776,0.322763906,-0.82540417,-0.978179217,1,3
373,No,3,"Beavan, Mr. William Thomas",male,19,0,0,323951,8.05,S,Mr,0,Unknown,1,2.202764758,0.233475748,0.352955284,-0.751280044,-0.783739064,1,3
374,No,1,"Ringhini, Mr. Sante",male,22,0,0,PC 17760,135.6333,C,Mr,0,Unknown,1,4.917300695,0.271173662,0.787913125,-0.528907667,2.01750007,1,1
375,No,3,"Palsson, Miss. Stina Viola",female,3,3,1,349909,21.075,S,Miss,0,Unknown,5,3.094445746,0.032420206,0.495831874,-1.937266058,0.136422518,0,3
376,Yes,1,"Meyer, Mrs. Edgar Joseph (Leila Saks)",female,40,1,0,PC 17604,82.1708,C,Mrs,0,Unknown,2,4.420896325,0.497361146,0.708372836,0.805326598,1.505240377,0,1
377,Yes,3,"Landergren, Miss. Aurora Adelia",female,22,0,0,C 7077,7.25,S,Miss,0,Unknown,1,2.1102132,0.271173662,0.338125484,-0.528907667,-0.879246749,0,3
378,No,1,"Widener, Mr. Harry Elkins",male,27,0,2,113503,211.5,C,Mr,1,C,3,5.358941988,0.334003518,0.85867857,-0.158287038,2.473247536,1,1
379,No,3,"Betros, Mr. Tannous",male,20,0,0,2648,4.0125,C,Mr,0,Unknown,1,1.611934793,0.246041719,0.258284912,-0.677155918,-1.393440338,1,3
380,No,3,"Gustafsson, Mr. Karl Gideon",male,19,0,0,347069,7.775,S,Mr,0,Unknown,1,2.171906769,0.233475748,0.348010821,-0.751280044,-0.815582667,1,3
381,Yes,1,"Bidois, Miss. Rosalie",female,42,0,0,PC 17757,227.525,C,Miss,0,Unknown,1,5.431645614,0.522493089,0.870328079,0.95357485,2.54827334,0,1
382,Yes,3,"Nakid, Miss. Maria (""Mary"")",female,1,0,2,2653,15.7417,C,Miss,0,Unknown,3,2.817902613,0.007288263,0.451520578,-2.085514309,-0.148953497,0,3
383,No,3,"Tikkanen, Mr. Juho",male,32,0,0,STON/O 2. 3101293,7.925,S,Mr,0,Unknown,1,2.188856328,0.396833375,0.350726697,0.212333592,-0.798091734,1,3
384,Yes,1,"Holverson, Mrs. Alexander Oskar (Mary Aline Towner)",female,35,1,0,113789,52,S,Mrs,0,Unknown,2,3.970291914,0.434531289,0.636171205,0.434705969,1.040243508,0,1
385,No,3,"Plotcharsky, Mr. Vasil",male,26,0,0,349227,7.8958,S,Mr,0,Unknown,1,2.185579255,0.321437547,0.350201602,-0.232411163,-0.801473477,1,3
386,No,2,"Davies, Mr. Charles Henry",male,18,0,0,S.O.C. 14879,73.5,S,Mr,0,Unknown,1,4.310799125,0.220909776,0.690731647,-0.82540417,1.391626635,1,2
387,No,3,"Goodwin, Master. Sidney Leonard",male,1,5,2,CA 2144,46.9,S,Master,0,Unknown,8,3.869115504,0.007288263,0.61995942,-2.085514309,0.93583549,1,3
388,Yes,2,"Buss, Miss. Kate",female,36,0,0,27849,13,S,Miss,0,Unknown,1,2.63905733,0.447097261,0.422863688,0.508830095,-0.333511159,0,2
389,No,3,"Sadlier, Mr. Matthew",male,26,0,0,367655,7.7292,Q,Mr,0,Unknown,1,2.166673728,0.321437547,0.347172315,-0.232411163,-0.820982854,1,3
390,Yes,2,"Lehmann, Miss. Bertha",female,17,0,0,SC 1748,12,C,Miss,0,Unknown,1,2.564949357,0.208343805,0.410989156,-0.899528296,-0.409986165,0,2
391,Yes,1,"Carter, Mr. William Ernest",male,36,1,2,113760,120,S,Mr,1,B,4,4.795790546,0.447097261,0.768443207,0.508830095,1.892108846,1,1
392,Yes,3,"Jansson, Mr. Carl Olof",male,21,0,0,350034,7.7958,S,Mr,0,Unknown,1,2.174274335,0.25860769,0.348390182,-0.603031793,-0.81313948,1,3
393,No,3,"Gustafsson, Mr. Johan Birger",male,28,2,0,3101277,7.925,S,Mr,0,Unknown,3,2.188856328,0.34656949,0.350726697,-0.084162912,-0.798091734,1,3
394,Yes,1,"Newell, Miss. Marjorie",female,23,1,0,35273,113.275,C,Miss,1,D,2,4.738607824,0.283739633,0.759280656,-0.454783541,1.833099689,0,1
395,Yes,3,"Sandstrom, Mrs. Hjalmar (Agnes Charlotta Bengtsson)",female,24,0,2,PP 9549,16.7,S,Mrs,1,G,3,2.87356464,0.296305604,0.460439464,-0.380659415,-0.091513607,0,3
396,No,3,"Johansson, Mr. Erik",male,22,0,0,350052,7.7958,S,Mr,0,Unknown,1,2.174274335,0.271173662,0.348390182,-0.528907667,-0.81313948,1,3
397,No,3,"Olsson, Miss. Elina",female,31,0,0,350407,7.8542,S,Miss,0,Unknown,1,2.180891923,0.384267404,0.349450537,0.138209466,-0.806310525,0,3
398,No,2,"McKane, Mr. Peter David",male,46,0,0,28403,26,S,Mr,0,Unknown,1,3.295836866,0.572756974,0.528101348,1.250071353,0.344246138,1,2
399,No,2,"Pain, Dr. Alfred",male,23,0,0,244278,10.5,S,Rare,0,Unknown,1,2.442347035,0.283739633,0.391344236,-0.454783541,-0.536504447,1,2
400,Yes,2,"Trout, Mrs. William H (Jessie L)",female,28,0,0,240929,12.65,S,Mrs,0,Unknown,1,2.613739522,0.34656949,0.418806943,-0.084162912,-0.359637627,0,2
401,Yes,3,"Niskanen, Mr. Juha",male,39,0,0,STON/O 2. 3101289,7.925,S,Mr,0,Unknown,1,2.188856328,0.484795175,0.350726697,0.731202472,-0.798091734,1,3
402,No,3,"Adams, Mr. John",male,26,0,0,341826,8.05,S,Mr,0,Unknown,1,2.202764758,0.321437547,0.352955284,-0.232411163,-0.783739064,1,3
403,No,3,"Jussila, Miss. Mari Aina",female,21,1,0,4137,9.825,S,Miss,0,Unknown,2,2.381858274,0.25860769,0.381651949,-0.603031793,-0.59892524,0,3
404,No,3,"Hakkarainen, Mr. Pekka Pietari",male,28,1,0,STON/O2. 3101279,15.85,S,Mr,0,Unknown,2,2.824350657,0.34656949,0.452553767,-0.084162912,-0.142299501,1,3
405,No,3,"Oreskovic, Miss. Marija",female,20,0,0,315096,8.6625,S,Miss,0,Unknown,1,2.268252414,0.246041719,0.363448558,-0.677155918,-0.71615971,0,3
406,No,2,"Gale, Mr. Shadrach",male,34,1,0,28664,21,S,Mr,0,Unknown,2,3.091042453,0.421965318,0.495286554,0.360581843,0.132910522,1,2
407,No,3,"Widegren, Mr. Carl/Charles Peter",male,51,0,0,347064,7.75,S,Mr,0,Unknown,1,2.1690537,0.635586831,0.347553665,1.620691982,-0.818526864,1,3
408,Yes,2,"Richards, Master. William Rowe",male,3,1,1,29106,18.75,S,Master,0,Unknown,3,2.983153491,0.032420206,0.477999198,-1.937266058,0.02157555,1,2
409,No,3,"Birkeland, Mr. Hans Martin Monsen",male,21,0,0,312992,7.775,S,Mr,0,Unknown,1,2.171906769,0.25860769,0.348010821,-0.603031793,-0.815582667,1,3
410,No,3,"Lefebre, Miss. Ida",female,18,3,1,4133,25.4667,S,Miss,0,Unknown,5,3.275887339,0.220909776,0.524904778,-0.82540417,0.323659416,0,3
411,No,3,"Sdycoff, Mr. Todor",male,26,0,0,349222,7.8958,S,Mr,0,Unknown,1,2.185579255,0.321437547,0.350201602,-0.232411163,-0.801473477,1,3
412,No,3,"Hart, Mr. Henry",male,26,0,0,394140,6.8583,Q,Mr,0,Unknown,1,2.061570298,0.321437547,0.330331293,-0.232411163,-0.929443322,1,3
413,Yes,1,"Minahan, Miss. Daisy E",female,33,1,0,19928,90,Q,Miss,1,C,2,4.510859507,0.409399347,0.722787893,0.286457717,1.598077013,0,1
414,No,2,"Cunningham, Mr. Alfred Fleming",male,31,0,0,239853,0,S,Mr,0,Unknown,1,0,0.384267404,0,0.138209466,-3.056860874,1,2
415,Yes,3,"Sundman, Mr. Johan Julian",male,44,0,0,STON/O 2. 3101269,7.925,S,Mr,0,Unknown,1,2.188856328,0.547625031,0.350726697,1.101823102,-0.798091734,1,3
416,No,3,"Meek, Mrs. Thomas (Annie Louise Rowley)",female,31,0,0,343095,8.05,S,Mrs,0,Unknown,1,2.202764758,0.384267404,0.352955284,0.138209466,-0.783739064,0,3
417,Yes,2,"Drew, Mrs. James Vivian (Lulu Thorne Christian)",female,34,1,1,28220,32.5,S,Mrs,0,Unknown,3,3.511545439,0.421965318,0.562664948,0.360581843,0.566844515,0,2
418,Yes,2,"Silven, Miss. Lyyli Karoliina",female,18,0,2,250652,13,S,Miss,0,Unknown,3,2.63905733,0.220909776,0.422863688,-0.82540417,-0.333511159,0,2
419,No,2,"Matthews, Mr. William John",male,30,0,0,28228,13,S,Mr,0,Unknown,1,2.63905733,0.371701433,0.422863688,0.06408534,-0.333511159,1,2
420,No,3,"Van Impe, Miss. Catharina",female,10,0,2,345773,24.15,S,Miss,0,Unknown,3,3.224857897,0.120382006,0.516728185,-1.418397177,0.271000076,0,3
421,No,3,"Gheorgheff, Mr. Stanio",male,26,0,0,349254,7.8958,C,Mr,0,Unknown,1,2.185579255,0.321437547,0.350201602,-0.232411163,-0.801473477,1,3
422,No,3,"Charters, Mr. David",male,21,0,0,A/5. 13032,7.7333,Q,Mr,0,Unknown,1,2.167143305,0.25860769,0.347247557,-0.603031793,-0.820498277,1,3
423,No,3,"Zimmerman, Mr. Leo",male,29,0,0,315082,7.875,S,Mr,0,Unknown,1,2.183238335,0.359135461,0.34982651,-0.010038786,-0.803889167,1,3
424,No,3,"Danbom, Mrs. Ernst Gilbert (Anna Sigrid Maria Brogren)",female,28,1,1,347080,14.4,S,Mrs,0,Unknown,3,2.734367509,0.34656949,0.43813551,-0.084162912,-0.23515674,0,3
425,No,3,"Rosblom, Mr. Viktor Richard",male,18,1,1,370129,20.2125,S,Mr,0,Unknown,3,3.054590631,0.220909776,0.489445775,-0.82540417,0.095294416,1,3
426,No,3,"Wiseman, Mr. Phillippe",male,26,0,0,A/4. 34244,7.25,S,Mr,0,Unknown,1,2.1102132,0.321437547,0.338125484,-0.232411163,-0.879246749,1,3
427,Yes,2,"Clarke, Mrs. Charles V (Ada Maria Winfield)",female,28,1,0,2003,26,S,Mrs,0,Unknown,2,3.295836866,0.34656949,0.528101348,-0.084162912,0.344246138,0,2
428,Yes,2,"Phillips, Miss. Kate Florence (""Mrs Kate Louise Phillips Marshall"")",female,19,0,0,250655,26,S,Miss,0,Unknown,1,3.295836866,0.233475748,0.528101348,-0.751280044,0.344246138,0,2
429,No,3,"Flynn, Mr. James",male,26,0,0,364851,7.75,Q,Mr,0,Unknown,1,2.1690537,0.321437547,0.347553665,-0.232411163,-0.818526864,1,3
430,Yes,3,"Pickard, Mr. Berk (Berk Trembisky)",male,32,0,0,SOTON/O.Q. 392078,8.05,S,Mr,1,E,1,2.202764758,0.396833375,0.352955284,0.212333592,-0.783739064,1,3
431,Yes,1,"Bjornstrom-Steffansson, Mr. Mauritz Hakan",male,28,0,0,110564,26.55,S,Mr,1,C,1,3.316002536,0.34656949,0.531332551,-0.084162912,0.365055906,1,1
432,Yes,3,"Thorneycroft, Mrs. Percival (Florence Kate White)",female,31,1,0,376564,16.1,S,Mrs,0,Unknown,2,2.839078464,0.384267404,0.454913645,0.138209466,-0.127101283,0,3
433,Yes,2,"Louch, Mrs. Charles Alexander (Alice Adelaide Slow)",female,42,1,0,SC/AH 3085,26,S,Mrs,0,Unknown,2,3.295836866,0.522493089,0.528101348,0.95357485,0.344246138,0,2
434,No,3,"Kallio, Mr. Nikolai Erland",male,17,0,0,STON/O 2. 3101274,7.125,S,Mr,0,Unknown,1,2.094945728,0.208343805,0.335679133,-0.899528296,-0.89500187,1,3
435,No,1,"Silvey, Mr. William Baird",male,50,1,0,13507,55.9,S,Mr,1,E,2,4.041295341,0.62302086,0.647548287,1.546567857,1.113514809,1,1
436,Yes,1,"Carter, Miss. Lucile Polk",female,14,1,2,113760,120,S,Miss,1,B,4,4.795790546,0.170645891,0.768443207,-1.121900673,1.892108846,0,1
437,No,3,"Ford, Miss. Doolina Margaret ""Daisy""",female,21,2,2,W./C. 6608,34.375,S,Miss,0,Unknown,5,3.566005356,0.25860769,0.571391216,-0.603031793,0.623043901,0,3
438,Yes,2,"Richards, Mrs. Sidney (Emily Hocking)",female,24,2,3,29106,18.75,S,Mrs,0,Unknown,6,2.983153491,0.296305604,0.477999198,-0.380659415,0.02157555,0,2
439,No,1,"Fortune, Mr. Mark",male,64,1,4,19950,263,S,Mr,1,C,6,5.575949103,0.798944458,0.893450239,2.584305618,2.697185932,1,1
440,No,2,"Kvillner, Mr. Johan Henrik Johannesson",male,31,0,0,C.A. 18723,10.5,S,Mr,0,Unknown,1,2.442347035,0.384267404,0.391344236,0.138209466,-0.536504447,1,2
441,Yes,2,"Hart, Mrs. Benjamin (Esther Ada Bloomfield)",female,45,1,1,F.C.C. 13529,26.25,S,Mrs,0,Unknown,3,3.305053521,0.560191003,0.529578159,1.175947227,0.353757176,0,2
442,No,3,"Hampe, Mr. Leon",male,20,0,0,345769,9.5,S,Mr,0,Unknown,1,2.351375257,0.246041719,0.376767569,-0.677155918,-0.630381895,1,3
443,No,3,"Petterson, Mr. Johan Emil",male,25,1,0,347076,7.775,S,Mr,0,Unknown,2,2.171906769,0.308871576,0.348010821,-0.306535289,-0.815582667,1,3
444,Yes,2,"Reynaldo, Ms. Encarnacion",female,28,0,0,230434,13,S,Miss,0,Unknown,1,2.63905733,0.34656949,0.422863688,-0.084162912,-0.333511159,0,2
445,Yes,3,"Johannesen-Bratthammer, Mr. Bernt",male,26,0,0,65306,8.1125,S,Mr,0,Unknown,1,2.209647097,0.321437547,0.354058061,-0.232411163,-0.7766369,1,3
446,Yes,1,"Dodge, Master. Washington",male,4,0,2,33638,81.8583,S,Master,1,A,3,4.41713192,0.044986177,0.707769654,-1.863141932,1.501355735,1,1
447,Yes,2,"Mellinger, Miss. Madeleine Violet",female,13,0,1,250644,19.5,S,Miss,0,Unknown,2,3.020424886,0.15807992,0.4839713,-1.196024799,0.060037406,0,2
448,Yes,1,"Seward, Mr. Frederic Kimber",male,34,0,0,113794,26.55,S,Mr,0,Unknown,1,3.316002536,0.421965318,0.531332551,0.360581843,0.365055906,1,1
449,Yes,3,"Baclini, Miss. Marie Catherine",female,5,2,1,2666,19.2583,C,Miss,0,Unknown,4,3.008564586,0.057552149,0.48207089,-1.789017806,0.047798284,0,3
450,Yes,1,"Peuchen, Major. Arthur Godfrey",male,52,0,0,113786,30.5,S,Rare,1,C,1,3.449987546,0.648152802,0.552801351,1.694816108,0.503320443,1,1
451,No,2,"West, Mr. Edwy Arthur",male,36,1,2,C.A. 34651,27.75,S,Mr,0,Unknown,4,3.358637767,0.447097261,0.538164115,0.508830095,0.409052921,1,2
452,No,3,"Hagland, Mr. Ingvald Olai Olsen",male,26,1,0,65303,19.9667,S,Mr,0,Unknown,2,3.042935465,0.321437547,0.487578234,-0.232411163,0.08326698,1,3
453,No,1,"Foreman, Mr. Benjamin Laventall",male,30,0,0,113051,27.75,C,Mr,1,C,1,3.358637767,0.371701433,0.538164115,0.06408534,0.409052921,1,1
454,Yes,1,"Goldenberg, Mr. Samuel L",male,49,1,0,17453,89.1042,C,Mr,1,C,2,4.500966778,0.610454888,0.721202753,1.472443731,1.587868308,1,1
455,No,3,"Peduzzi, Mr. Joseph",male,26,0,0,A/5 2817,8.05,S,Mr,0,Unknown,1,2.202764758,0.321437547,0.352955284,-0.232411163,-0.783739064,1,3
456,Yes,3,"Jalsevac, Mr. Ivan",male,29,0,0,349240,7.8958,C,Mr,0,Unknown,1,2.185579255,0.359135461,0.350201602,-0.010038786,-0.801473477,1,3
457,No,1,"Millet, Mr. Francis Davis",male,65,0,0,13509,26.55,S,Mr,1,E,1,3.316002536,0.81151043,0.531332551,2.658429744,0.365055906,1,1
458,Yes,1,"Kenyon, Mrs. Frederick R (Marion)",female,40,1,0,17464,51.8625,S,Mrs,1,D,2,3.967694203,0.497361146,0.635754966,0.805326598,1.037562825,0,1
459,Yes,2,"Toomey, Miss. Ellen",female,50,0,0,F.C.C. 13531,10.5,S,Miss,0,Unknown,1,2.442347035,0.62302086,0.391344236,1.546567857,-0.536504447,0,2
460,No,3,"O'Connor, Mr. Maurice",male,26,0,0,371060,7.75,Q,Mr,0,Unknown,1,2.1690537,0.321437547,0.347553665,-0.232411163,-0.818526864,1,3
461,Yes,1,"Anderson, Mr. Harry",male,48,0,0,19952,26.55,S,Mr,1,E,1,3.316002536,0.597888917,0.531332551,1.398319605,0.365055906,1,1
462,No,3,"Morley, Mr. William",male,34,0,0,364506,8.05,S,Mr,0,Unknown,1,2.202764758,0.421965318,0.352955284,0.360581843,-0.783739064,1,3
463,No,1,"Gee, Mr. Arthur H",male,47,0,0,111320,38.5,S,Mr,1,E,1,3.676300672,0.585322945,0.589064149,1.324195479,0.736862086,1,1
464,No,2,"Milling, Mr. Jacob Christian",male,48,0,0,234360,13,S,Mr,0,Unknown,1,2.63905733,0.597888917,0.422863688,1.398319605,-0.333511159,1,2
465,No,3,"Maisner, Mr. Simon",male,26,0,0,A/S 2816,8.05,S,Mr,0,Unknown,1,2.202764758,0.321437547,0.352955284,-0.232411163,-0.783739064,1,3
466,No,3,"Goncalves, Mr. Manuel Estanslas",male,38,0,0,SOTON/O.Q. 3101306,7.05,S,Mr,0,Unknown,1,2.085672091,0.472229203,0.334193192,0.657078347,-0.904571709,1,3
467,No,2,"Campbell, Mr. William",male,31,0,0,239853,0,S,Mr,0,Unknown,1,0,0.384267404,0,0.138209466,-3.056860874,1,2
468,No,1,"Smart, Mr. John Montgomery",male,56,0,0,113792,26.55,S,Mr,0,Unknown,1,3.316002536,0.698416688,0.531332551,1.991312612,0.365055906,1,1
469,No,3,"Scanlan, Mr. James",male,26,0,0,36209,7.725,Q,Mr,0,Unknown,1,2.166192468,0.321437547,0.347095202,-0.232411163,-0.821479485,1,3
470,Yes,3,"Baclini, Miss. Helene Barbara",female,0.75,2,1,2666,19.2583,C,Miss,0,Unknown,4,3.008564586,0.004146771,0.48207089,-2.104045341,0.047798284,0,3
471,No,3,"Keefe, Mr. Arthur",male,26,0,0,323592,7.25,S,Mr,0,Unknown,1,2.1102132,0.321437547,0.338125484,-0.232411163,-0.879246749,1,3
472,No,3,"Cacic, Mr. Luka",male,38,0,0,315089,8.6625,S,Mr,0,Unknown,1,2.268252414,0.472229203,0.363448558,0.657078347,-0.71615971,1,3
473,Yes,2,"West, Mrs. Edwy Arthur (Ada Mary Worth)",female,33,1,2,C.A. 34651,27.75,S,Mrs,0,Unknown,4,3.358637767,0.409399347,0.538164115,0.286457717,0.409052921,0,2
474,Yes,2,"Jerwan, Mrs. Amin S (Marie Marthe Thuillard)",female,23,0,0,SC/AH Basle 541,13.7917,C,Mrs,1,D,1,2.694066213,0.283739633,0.431677918,-0.454783541,-0.276745274,0,2
475,No,3,"Strandberg, Miss. Ida Sofia",female,22,0,0,7553,9.8375,S,Miss,0,Unknown,1,2.383012342,0.271173662,0.381836869,-0.528907667,-0.59773431,0,3
476,No,1,"Clifford, Mr. George Quincy",male,40,0,0,110465,52,S,Mr,1,A,1,3.970291914,0.497361146,0.636171205,0.805326598,1.040243508,1,1
477,No,2,"Renouf, Mr. Peter Henry",male,34,1,0,31027,21,S,Mr,0,Unknown,2,3.091042453,0.421965318,0.495286554,0.360581843,0.132910522,1,2
478,No,3,"Braund, Mr. Lewis Richard",male,29,1,0,3460,7.0458,S,Mr,0,Unknown,2,2.085150216,0.359135461,0.33410957,-0.010038786,-0.905110254,1,3
479,No,3,"Karlsson, Mr. Nils August",male,22,0,0,350060,7.5208,S,Mr,0,Unknown,1,2.142510233,0.271173662,0.34330053,-0.528907667,-0.845918138,1,3
480,Yes,3,"Hirvonen, Miss. Hildur E",female,2,0,1,3101298,12.2875,S,Miss,0,Unknown,2,2.586823744,0.019854235,0.414494152,-2.011390183,-0.387413104,0,3
481,No,3,"Goodwin, Master. Harold Victor",male,9,5,2,CA 2144,46.9,S,Master,0,Unknown,8,3.869115504,0.107816034,0.61995942,-1.492521303,0.93583549,1,3
482,No,2,"Frost, Mr. Anthony Wood ""Archie""",male,31,0,0,239854,0,S,Mr,0,Unknown,1,0,0.384267404,0,0.138209466,-3.056860874,1,2
483,No,3,"Rouse, Mr. Richard Henry",male,50,0,0,A/5 3594,8.05,S,Mr,0,Unknown,1,2.202764758,0.62302086,0.352955284,1.546567857,-0.783739064,1,3
484,Yes,3,"Turkula, Mrs. (Hedwig)",female,63,0,0,4134,9.5875,S,Mrs,0,Unknown,1,2.35967406,0.786378487,0.378097309,2.510181492,-0.621818025,0,3
485,Yes,1,"Bishop, Mr. Dickinson H",male,25,1,0,11967,91.0792,C,Mr,1,B,2,4.522649076,0.308871576,0.72467697,-0.306535289,1.610243145,1,1
486,No,3,"Lefebre, Miss. Jeannie",female,18,3,1,4133,25.4667,S,Miss,0,Unknown,5,3.275887339,0.220909776,0.524904778,-0.82540417,0.323659416,0,3
487,Yes,1,"Hoyt, Mrs. Frederick Maxfield (Jane Anne Forby)",female,35,1,0,19943,90,S,Mrs,1,C,2,4.510859507,0.434531289,0.722787893,0.434705969,1.598077013,0,1
488,No,1,"Kent, Mr. Edward Austin",male,58,0,0,11771,29.7,C,Mr,1,B,1,3.424262655,0.72354863,0.548679378,2.139560863,0.47677389,1,1
489,No,3,"Somerton, Mr. Francis William",male,30,0,0,A.5. 18509,8.05,S,Mr,0,Unknown,1,2.202764758,0.371701433,0.352955284,0.06408534,-0.783739064,1,3
490,Yes,3,"Coutts, Master. Eden Leslie ""Neville""",male,9,1,1,C.A. 37671,15.9,S,Master,0,Unknown,3,2.827313622,0.107816034,0.453028531,-1.492521303,-0.139241897,1,3
491,No,3,"Hagland, Mr. Konrad Mathias Reiersen",male,26,1,0,65304,19.9667,S,Mr,0,Unknown,2,3.042935465,0.321437547,0.487578234,-0.232411163,0.08326698,1,3
492,No,3,"Windelov, Mr. Einar",male,21,0,0,SOTON/OQ 3101317,7.25,S,Mr,0,Unknown,1,2.1102132,0.25860769,0.338125484,-0.603031793,-0.879246749,1,3
493,No,1,"Molson, Mr. Harry Markland",male,55,0,0,113787,30.5,S,Mr,1,C,1,3.449987546,0.685850716,0.552801351,1.917188486,0.503320443,1,1
494,No,1,"Artagaveytia, Mr. Ramon",male,71,0,0,PC 17609,49.5042,C,Mr,0,Unknown,1,3.922056501,0.886906258,0.628442307,3.103174499,0.99046744,1,1
495,No,3,"Stanley, Mr. Edward Roland",male,21,0,0,A/4 45380,8.05,S,Mr,0,Unknown,1,2.202764758,0.25860769,0.352955284,-0.603031793,-0.783739064,1,3
496,No,3,"Yousseff, Mr. Gerious",male,26,0,0,2627,14.4583,C,Mr,0,Unknown,1,2.738146076,0.321437547,0.438740961,-0.232411163,-0.231257485,1,3
497,Yes,1,"Eustis, Miss. Elizabeth Mussey",female,54,1,0,36947,78.2667,C,Miss,1,D,2,4.372818116,0.673284745,0.700669127,1.84306436,1.455626534,0,1
498,No,3,"Shellard, Mr. Frederick William",male,26,0,0,C.A. 6212,15.1,S,Mr,0,Unknown,1,2.778819272,0.321437547,0.445258143,-0.232411163,-0.189285173,1,3
499,No,1,"Allison, Mrs. Hudson J C (Bessie Waldo Daniels)",female,25,1,2,113781,151.55,S,Mrs,1,C,4,5.027492411,0.308871576,0.805569458,-0.306535289,2.131211347,0,1
500,No,3,"Svensson, Mr. Olof",male,24,0,0,350035,7.7958,S,Mr,0,Unknown,1,2.174274335,0.296305604,0.348390182,-0.380659415,-0.81313948,1,3
501,No,3,"Calic, Mr. Petar",male,17,0,0,315086,8.6625,S,Mr,0,Unknown,1,2.268252414,0.208343805,0.363448558,-0.899528296,-0.71615971,1,3
502,No,3,"Canavan, Miss. Mary",female,21,0,0,364846,7.75,Q,Miss,0,Unknown,1,2.1690537,0.25860769,0.347553665,-0.603031793,-0.818526864,0,3
503,No,3,"O'Sullivan, Miss. Bridget Mary",female,18,0,0,330909,7.6292,Q,Miss,0,Unknown,1,2.155151801,0.220909776,0.345326124,-0.82540417,-0.832872795,0,3
504,No,3,"Laitinen, Miss. Kristina Sofia",female,37,0,0,4135,9.5875,S,Miss,0,Unknown,1,2.35967406,0.459663232,0.378097309,0.582954221,-0.621818025,0,3
505,Yes,1,"Maioni, Miss. Roberta",female,16,0,0,110152,86.5,S,Miss,1,B,1,4.471638793,0.195777834,0.716503446,-0.973652422,1.557603577,0,1
506,No,1,"Penasco y Castellana, Mr. Victor de Satode",male,18,1,0,PC 17758,108.9,C,Mr,1,C,2,4.699570861,0.220909776,0.753025652,-0.82540417,1.792815872,1,1
507,Yes,2,"Quick, Mrs. Frederick Charles (Jane Richards)",female,33,0,2,26360,26,S,Mrs,0,Unknown,3,3.295836866,0.409399347,0.528101348,0.286457717,0.344246138,0,2
508,Yes,1,"Bradley, Mr. George (""George Arthur Brayton"")",male,40,0,0,111427,26.55,S,Mr,0,Unknown,1,3.316002536,0.497361146,0.531332551,0.805326598,0.365055906,1,1
509,No,3,"Olsen, Mr. Henry Margido",male,28,0,0,C 4001,22.525,S,Mr,0,Unknown,1,3.158063685,0.34656949,0.506025558,-0.084162912,0.202072435,1,3
510,Yes,3,"Lang, Mr. Fang",male,26,0,0,1601,56.4958,S,Mr,0,Unknown,1,4.051711902,0.321437547,0.649217362,-0.232411163,1.124264078,1,3
511,Yes,3,"Daly, Mr. Eugene Patrick",male,29,0,0,382651,7.75,Q,Mr,0,Unknown,1,2.1690537,0.359135461,0.347553665,-0.010038786,-0.818526864,1,3
512,No,3,"Webber, Mr. James",male,26,0,0,SOTON/OQ 3101316,8.05,S,Mr,0,Unknown,1,2.202764758,0.321437547,0.352955284,-0.232411163,-0.783739064,1,3
513,Yes,1,"McGough, Mr. James Robert",male,36,0,0,PC 17473,26.2875,S,Mr,1,E,1,3.306428722,0.447097261,0.529798511,0.508830095,0.355176301,1,1
514,Yes,1,"Rothschild, Mrs. Martin (Elizabeth L. Barrett)",female,54,1,0,PC 17603,59.4,C,Mrs,0,Unknown,2,4.100989105,0.673284745,0.657113189,1.84306436,1.175115212,0,1
515,No,3,"Coleff, Mr. Satio",male,24,0,0,349209,7.4958,S,Mr,0,Unknown,1,2.139571924,0.296305604,0.342829716,-0.380659415,-0.848950298,1,3
516,No,1,"Walker, Mr. William Anderson",male,47,0,0,36967,34.0208,S,Mr,1,D,1,3.555942171,0.585322945,0.569778763,1.324195479,0.612659294,1,1
517,Yes,2,"Lemore, Mrs. (Amelia Milley)",female,34,0,0,C.A. 34260,10.5,S,Mrs,1,F,1,2.442347035,0.421965318,0.391344236,0.360581843,-0.536504447,0,2
518,No,3,"Ryan, Mr. Patrick",male,26,0,0,371110,24.15,Q,Mr,0,Unknown,1,3.224857897,0.321437547,0.516728185,-0.232411163,0.271000076,1,3
519,Yes,2,"Angle, Mrs. William A (Florence ""Mary"" Agnes Hughes)",female,36,1,0,226875,26,S,Mrs,0,Unknown,2,3.295836866,0.447097261,0.528101348,0.508830095,0.344246138,0,2
520,No,3,"Pavlovic, Mr. Stefo",male,32,0,0,349242,7.8958,S,Mr,0,Unknown,1,2.185579255,0.396833375,0.350201602,0.212333592,-0.801473477,1,3
521,Yes,1,"Perreault, Miss. Anne",female,30,0,0,12749,93.5,S,Miss,1,B,1,4.548599834,0.371701433,0.728835134,0.06408534,1.63702278,0,1
522,No,3,"Vovk, Mr. Janko",male,22,0,0,349252,7.8958,S,Mr,0,Unknown,1,2.185579255,0.271173662,0.350201602,-0.528907667,-0.801473477,1,3
523,No,3,"Lahoud, Mr. Sarkis",male,26,0,0,2624,7.225,C,Mr,0,Unknown,1,2.107178297,0.321437547,0.337639193,-0.232411163,-0.882378589,1,3
524,Yes,1,"Hippach, Mrs. Louis Albert (Ida Sophia Fischer)",female,44,0,1,111361,57.9792,C,Mrs,1,B,2,4.077184839,0.547625031,0.653298964,1.101823102,1.15055063,0,1
525,No,3,"Kassem, Mr. Fared",male,26,0,0,2700,7.2292,C,Mr,0,Unknown,1,2.107688805,0.321437547,0.337720993,-0.232411163,-0.881851775,1,3
526,No,3,"Farrell, Mr. James",male,40.5,0,0,367232,7.75,Q,Mr,0,Unknown,1,2.1690537,0.503644132,0.347553665,0.842388661,-0.818526864,1,3
527,Yes,2,"Ridsdale, Miss. Lucy",female,50,0,0,W./C. 14258,10.5,S,Miss,0,Unknown,1,2.442347035,0.62302086,0.391344236,1.546567857,-0.536504447,0,2
528,No,1,"Farthing, Mr. John",male,40,0,0,PC 17483,221.7792,S,Mr,1,C,1,5.406181146,0.497361146,0.866247835,0.805326598,2.521995529,1,1
529,No,3,"Salonen, Mr. Johan Werner",male,39,0,0,3101296,7.925,S,Mr,0,Unknown,1,2.188856328,0.484795175,0.350726697,0.731202472,-0.798091734,1,3
530,No,2,"Hocking, Mr. Richard George",male,23,2,1,29104,11.5,S,Mr,0,Unknown,4,2.525728644,0.283739633,0.404704709,-0.454783541,-0.450459601,1,2
531,Yes,2,"Quick, Miss. Phyllis May",female,2,1,1,26360,26,S,Miss,0,Unknown,3,3.295836866,0.019854235,0.528101348,-2.011390183,0.344246138,0,2
532,No,3,"Toufik, Mr. Nakli",male,26,0,0,2641,7.2292,C,Mr,0,Unknown,1,2.107688805,0.321437547,0.337720993,-0.232411163,-0.881851775,1,3
533,No,3,"Elias, Mr. Joseph Jr",male,17,1,1,2690,7.2292,C,Mr,0,Unknown,3,2.107688805,0.208343805,0.337720993,-0.899528296,-0.881851775,1,3
534,Yes,3,"Peter, Mrs. Catherine (Catherine Rizk)",female,31,0,2,2668,22.3583,C,Mrs,0,Unknown,3,3.150952381,0.384267404,0.504886093,0.138209466,0.194733994,0,3
535,No,3,"Cacic, Miss. Marija",female,30,0,0,315084,8.6625,S,Miss,0,Unknown,1,2.268252414,0.371701433,0.363448558,0.06408534,-0.71615971,0,3
536,Yes,2,"Hart, Miss. Eva Miriam",female,7,0,2,F.C.C. 13529,26.25,S,Miss,0,Unknown,3,3.305053521,0.082684091,0.529578159,-1.640769554,0.353757176,0,2
537,No,1,"Butt, Major. Archibald Willingham",male,45,0,0,113050,26.55,S,Rare,1,B,1,3.316002536,0.560191003,0.531332551,1.175947227,0.365055906,1,1
538,Yes,1,"LeRoy, Miss. Bertha",female,30,0,0,PC 17761,106.425,C,Miss,0,Unknown,1,4.67679293,0.371701433,0.749375879,0.06408534,1.769310406,0,1
539,No,3,"Risien, Mr. Samuel Beard",male,26,0,0,364498,14.5,S,Mr,0,Unknown,1,2.740840024,0.321437547,0.43917262,-0.232411163,-0.228477491,1,3
540,Yes,1,"Frolicher, Miss. Hedwig Margaritha",female,22,0,2,13568,49.5,C,Miss,1,B,3,3.921973336,0.271173662,0.628428981,-0.528907667,0.990381619,0,1
541,Yes,1,"Crosby, Miss. Harriet R",female,36,0,2,WE/P 5735,71,S,Miss,1,B,3,4.276666119,0.447097261,0.685262418,0.508830095,1.356403409,0,1
542,No,3,"Andersson, Miss. Ingeborg Constanzia",female,9,4,2,347082,31.275,S,Miss,0,Unknown,7,3.474292937,0.107816034,0.556695873,-1.492521303,0.528402156,0,3
543,No,3,"Andersson, Miss. Sigrid Elisabeth",female,11,4,2,347082,31.275,S,Miss,0,Unknown,7,3.474292937,0.132947977,0.556695873,-1.344273051,0.528402156,0,3
544,Yes,2,"Beane, Mr. Edward",male,32,1,0,2908,26,S,Mr,0,Unknown,2,3.295836866,0.396833375,0.528101348,0.212333592,0.344246138,1,2
545,No,1,"Douglas, Mr. Walter Donald",male,50,1,0,PC 17761,106.425,C,Mr,1,C,2,4.67679293,0.62302086,0.749375879,1.546567857,1.769310406,1,1
546,No,1,"Nicholson, Mr. Arthur Ernest",male,64,0,0,693,26,S,Mr,0,Unknown,1,3.295836866,0.798944458,0.528101348,2.584305618,0.344246138,1,1
547,Yes,2,"Beane, Mrs. Edward (Ethel Clarke)",female,19,1,0,2908,26,S,Mrs,0,Unknown,2,3.295836866,0.233475748,0.528101348,-0.751280044,0.344246138,0,2
548,Yes,2,"Padro y Manent, Mr. Julian",male,31,0,0,SC/PARIS 2146,13.8625,C,Mr,0,Unknown,1,2.698841262,0.384267404,0.432443038,0.138209466,-0.271817708,1,2
549,No,3,"Goldsmith, Mr. Frank John",male,33,1,1,363291,20.525,S,Mr,0,Unknown,3,3.06921505,0.409399347,0.491789087,0.286457717,0.110385945,1,3
550,Yes,2,"Davies, Master. John Morgan Jr",male,8,1,1,C.A. 33112,36.75,S,Master,0,Unknown,3,3.630985476,0.095250063,0.581803166,-1.566645428,0.690099508,1,2
551,Yes,1,"Thayer, Mr. John Borland Jr",male,17,0,2,17421,110.8833,C,Mr,1,C,3,4.717456364,0.208343805,0.755891497,-0.899528296,1.811272644,1,1
552,No,2,"Sharp, Mr. Percival James R",male,27,0,0,244358,26,S,Mr,0,Unknown,1,3.295836866,0.334003518,0.528101348,-0.158287038,0.344246138,1,2
553,No,3,"O'Brien, Mr. Timothy",male,26,0,0,330979,7.8292,Q,Mr,0,Unknown,1,2.17806441,0.321437547,0.348997477,-0.232411163,-0.809228349,1,3
554,Yes,3,"Leeni, Mr. Fahim (""Philip Zenni"")",male,22,0,0,2620,7.225,C,Mr,0,Unknown,1,2.107178297,0.271173662,0.337639193,-0.528907667,-0.882378589,1,3
555,Yes,3,"Ohman, Miss. Velin",female,22,0,0,347085,7.775,S,Miss,0,Unknown,1,2.171906769,0.271173662,0.348010821,-0.528907667,-0.815582667,0,3
556,No,1,"Wright, Mr. George",male,62,0,0,113807,26.55,S,Mr,0,Unknown,1,3.316002536,0.773812516,0.531332551,2.436057367,0.365055906,1,1
557,Yes,1,"Duff Gordon, Lady. (Lucille Christiana Sutherland) (""Mrs Morgan"")",female,48,1,0,11755,39.6,C,Rare,1,A,2,3.703768067,0.597888917,0.593465328,1.398319605,0.765206799,0,1
558,No,1,"Robbins, Mr. Victor",male,40,0,0,PC 17757,227.525,C,Mr,0,Unknown,1,5.431645614,0.497361146,0.870328079,0.805326598,2.54827334,1,1
559,Yes,1,"Taussig, Mrs. Emil (Tillie Mandelbaum)",female,39,1,1,110413,79.65,S,Mrs,1,E,3,4.390118805,0.484795175,0.703441266,0.731202472,1.473479812,0,1
560,Yes,3,"de Messemaeker, Mrs. Guillaume Joseph (Emma)",female,36,1,0,345572,17.4,S,Mrs,0,Unknown,2,2.912350665,0.447097261,0.466654259,0.508830095,-0.051488743,0,3
561,No,3,"Morrow, Mr. Thomas Rowan",male,26,0,0,372622,7.75,Q,Mr,0,Unknown,1,2.1690537,0.321437547,0.347553665,-0.232411163,-0.818526864,1,3
562,No,3,"Sivic, Mr. Husein",male,40,0,0,349251,7.8958,S,Mr,0,Unknown,1,2.185579255,0.497361146,0.350201602,0.805326598,-0.801473477,1,3
563,No,2,"Norman, Mr. Robert Douglas",male,28,0,0,218629,13.5,S,Mr,0,Unknown,1,2.674148649,0.34656949,0.42848647,-0.084162912,-0.297299011,1,2
564,No,3,"Simmons, Mr. John",male,26,0,0,SOTON/OQ 392082,8.05,S,Mr,0,Unknown,1,2.202764758,0.321437547,0.352955284,-0.232411163,-0.783739064,1,3
565,No,3,"Meanwell, Miss. (Marion Ogden)",female,18,0,0,SOTON/O.Q. 392087,8.05,S,Miss,0,Unknown,1,2.202764758,0.220909776,0.352955284,-0.82540417,-0.783739064,0,3
566,No,3,"Davies, Mr. Alfred J",male,24,2,0,A/4 48871,24.15,S,Mr,0,Unknown,3,3.224857897,0.296305604,0.516728185,-0.380659415,0.271000076,1,3
567,No,3,"Stoytcheff, Mr. Ilia",male,19,0,0,349205,7.8958,S,Mr,0,Unknown,1,2.185579255,0.233475748,0.350201602,-0.751280044,-0.801473477,1,3
568,No,3,"Palsson, Mrs. Nils (Alma Cornelia Berglund)",female,29,0,4,349909,21.075,S,Mrs,0,Unknown,5,3.094445746,0.359135461,0.495831874,-0.010038786,0.136422518,0,3
569,No,3,"Doharr, Mr. Tannous",male,26,0,0,2686,7.2292,C,Mr,0,Unknown,1,2.107688805,0.321437547,0.337720993,-0.232411163,-0.881851775,1,3
570,Yes,3,"Jonsson, Mr. Carl",male,32,0,0,350417,7.8542,S,Mr,0,Unknown,1,2.180891923,0.396833375,0.349450537,0.212333592,-0.806310525,1,3
571,Yes,2,"Harris, Mr. George",male,62,0,0,S.W./PP 752,10.5,S,Mr,0,Unknown,1,2.442347035,0.773812516,0.391344236,2.436057367,-0.536504447,1,2
572,Yes,1,"Appleton, Mrs. Edward Dale (Charlotte Lamson)",female,53,2,0,11769,51.4792,S,Mrs,1,C,3,3.960416901,0.660718774,0.634588903,1.768940234,1.030053084,0,1
573,Yes,1,"Flynn, Mr. John Irwin (""Irving"")",male,36,0,0,PC 17474,26.3875,S,Mr,1,E,1,3.310086705,0.447097261,0.53038464,0.508830095,0.358951121,1,1
574,Yes,3,"Kelly, Miss. Mary",female,18,0,0,14312,7.75,Q,Miss,0,Unknown,1,2.1690537,0.220909776,0.347553665,-0.82540417,-0.818526864,0,3
575,No,3,"Rush, Mr. Alfred George John",male,16,0,0,A/4. 20589,8.05,S,Mr,0,Unknown,1,2.202764758,0.195777834,0.352955284,-0.973652422,-0.783739064,1,3
576,No,3,"Patchett, Mr. George",male,19,0,0,358585,14.5,S,Mr,0,Unknown,1,2.740840024,0.233475748,0.43917262,-0.751280044,-0.228477491,1,3
577,Yes,2,"Garside, Miss. Ethel",female,34,0,0,243880,13,S,Miss,0,Unknown,1,2.63905733,0.421965318,0.422863688,0.360581843,-0.333511159,0,2
578,Yes,1,"Silvey, Mrs. William Baird (Alice Munger)",female,39,1,0,13507,55.9,S,Mrs,1,E,2,4.041295341,0.484795175,0.647548287,0.731202472,1.113514809,0,1
579,No,3,"Caram, Mrs. Joseph (Maria Elias)",female,31,1,0,2689,14.4583,C,Mrs,0,Unknown,2,2.738146076,0.384267404,0.438740961,0.138209466,-0.231257485,0,3
580,Yes,3,"Jussila, Mr. Eiriik",male,32,0,0,STON/O 2. 3101286,7.925,S,Mr,0,Unknown,1,2.188856328,0.396833375,0.350726697,0.212333592,-0.798091734,1,3
581,Yes,2,"Christy, Miss. Julie Rachel",female,25,1,1,237789,30,S,Miss,0,Unknown,3,3.433987204,0.308871576,0.550237571,-0.306535289,0.486809045,0,2
582,Yes,1,"Thayer, Mrs. John Borland (Marian Longstreth Morris)",female,39,1,1,17421,110.8833,C,Mrs,1,C,3,4.717456364,0.484795175,0.755891497,0.731202472,1.811272644,0,1
583,No,2,"Downton, Mr. William James",male,54,0,0,28403,26,S,Mr,0,Unknown,1,3.295836866,0.673284745,0.528101348,1.84306436,0.344246138,1,2
584,No,1,"Ross, Mr. John Hugo",male,36,0,0,13049,40.125,C,Mr,1,A,1,3.716616209,0.447097261,0.595524023,0.508830095,0.778465316,1,1
585,No,3,"Paulner, Mr. Uscher",male,26,0,0,3411,8.7125,C,Mr,0,Unknown,1,2.273413716,0.321437547,0.364275568,-0.232411163,-0.710833554,1,3
586,Yes,1,"Taussig, Miss. Ruth",female,18,0,2,110413,79.65,S,Miss,1,E,3,4.390118805,0.220909776,0.703441266,-0.82540417,1.473479812,0,1
587,No,2,"Jarvis, Mr. John Denzil",male,47,0,0,237565,15,S,Mr,0,Unknown,1,2.772588722,0.585322945,0.444259804,1.324195479,-0.195714729,1,2
588,Yes,1,"Frolicher-Stehli, Mr. Maxmillian",male,60,1,1,13567,79.2,C,Mr,1,B,3,4.384523515,0.748680573,0.702544717,2.287809115,1.467705807,1,1
589,No,3,"Gilinski, Mr. Eliezer",male,22,0,0,14973,8.05,S,Mr,0,Unknown,1,2.202764758,0.271173662,0.352955284,-0.528907667,-0.783739064,1,3
590,No,3,"Murdlin, Mr. Joseph",male,26,0,0,A./5. 3235,8.05,S,Mr,0,Unknown,1,2.202764758,0.321437547,0.352955284,-0.232411163,-0.783739064,1,3
591,No,3,"Rintamaki, Mr. Matti",male,35,0,0,STON/O 2. 3101273,7.125,S,Mr,0,Unknown,1,2.094945728,0.434531289,0.335679133,0.434705969,-0.89500187,1,3
592,Yes,1,"Stephenson, Mrs. Walter Bertram (Martha Eustis)",female,52,1,0,36947,78.2667,C,Mrs,1,D,2,4.372818116,0.648152802,0.700669127,1.694816108,1.455626534,0,1
593,No,3,"Elsbury, Mr. William James",male,47,0,0,A/5 3902,7.25,S,Mr,0,Unknown,1,2.1102132,0.585322945,0.338125484,1.324195479,-0.879246749,1,3
594,No,3,"Bourke, Miss. Mary",female,18,0,2,364848,7.75,Q,Miss,0,Unknown,3,2.1690537,0.220909776,0.347553665,-0.82540417,-0.818526864,0,3
595,No,2,"Chapman, Mr. John Henry",male,37,1,0,SC/AH 29037,26,S,Mr,0,Unknown,2,3.295836866,0.459663232,0.528101348,0.582954221,0.344246138,1,2
596,No,3,"Van Impe, Mr. Jean Baptiste",male,36,1,1,345773,24.15,S,Mr,0,Unknown,3,3.224857897,0.447097261,0.516728185,0.508830095,0.271000076,1,3
597,Yes,2,"Leitch, Miss. Jessie Wills",female,24,0,0,248727,33,S,Miss,0,Unknown,1,3.526360525,0.296305604,0.565038811,-0.380659415,0.5821328,0,2
598,No,3,"Johnson, Mr. Alfred",male,49,0,0,LINE,0,S,Mr,0,Unknown,1,0,0.610454888,0,1.472443731,-3.056860874,1,3
599,No,3,"Boulos, Mr. Hanna",male,26,0,0,2664,7.225,C,Mr,0,Unknown,1,2.107178297,0.321437547,0.337639193,-0.232411163,-0.882378589,1,3
600,Yes,1,"Duff Gordon, Sir. Cosmo Edmund (""Mr Morgan"")",male,49,1,0,PC 17485,56.9292,C,Rare,1,A,2,4.059221575,0.610454888,0.650420658,1.472443731,1.132013613,1,1
601,Yes,2,"Jacobsohn, Mrs. Sidney Samuel (Amy Frances Christy)",female,24,2,1,243847,27,S,Mrs,0,Unknown,4,3.33220451,0.296305604,0.533928639,-0.380659415,0.381775377,0,2
602,No,3,"Slabenoff, Mr. Petco",male,26,0,0,349214,7.8958,S,Mr,0,Unknown,1,2.185579255,0.321437547,0.350201602,-0.232411163,-0.801473477,1,3
603,No,1,"Harrington, Mr. Charles H",male,40,0,0,113796,42.4,S,Mr,0,Unknown,1,3.770459441,0.497361146,0.604151478,0.805326598,0.834028319,1,1
604,No,3,"Torber, Mr. Ernst William",male,44,0,0,364511,8.05,S,Mr,0,Unknown,1,2.202764758,0.547625031,0.352955284,1.101823102,-0.783739064,1,3
605,Yes,1,"Homer, Mr. Harry (""Mr E Haven"")",male,35,0,0,111426,26.55,C,Mr,0,Unknown,1,3.316002536,0.434531289,0.531332551,0.434705969,0.365055906,1,1
606,No,3,"Lindell, Mr. Edvard Bengtsson",male,36,1,0,349910,15.55,S,Mr,0,Unknown,2,2.806386102,0.447097261,0.449675255,0.508830095,-0.16083785,1,3
607,No,3,"Karaic, Mr. Milan",male,30,0,0,349246,7.8958,S,Mr,0,Unknown,1,2.185579255,0.371701433,0.350201602,0.06408534,-0.801473477,1,3
608,Yes,1,"Daniel, Mr. Robert Williams",male,27,0,0,113804,30.5,S,Mr,0,Unknown,1,3.449987546,0.334003518,0.552801351,-0.158287038,0.503320443,1,1
609,Yes,2,"Laroche, Mrs. Joseph (Juliette Marie Louise Lafargue)",female,22,1,2,SC/Paris 2123,41.5792,C,Mrs,0,Unknown,4,3.751365871,0.271173662,0.60109206,-0.528907667,0.814324894,0,2
610,Yes,1,"Shutes, Miss. Elizabeth W",female,40,0,0,PC 17582,153.4625,S,Miss,1,C,1,5.039951348,0.497361146,0.807565789,0.805326598,2.144068227,0,1
611,No,3,"Andersson, Mrs. Anders Johan (Alfrida Konstantia Brogren)",female,39,1,5,347082,31.275,S,Mrs,0,Unknown,7,3.474292937,0.484795175,0.556695873,0.731202472,0.528402156,0,3
612,No,3,"Jardin, Mr. Jose Neto",male,26,0,0,SOTON/O.Q. 3101305,7.05,S,Mr,0,Unknown,1,2.085672091,0.321437547,0.334193192,-0.232411163,-0.904571709,1,3
613,Yes,3,"Murphy, Miss. Margaret Jane",female,18,1,0,367230,15.5,Q,Miss,0,Unknown,2,2.803360381,0.220909776,0.449190435,-0.82540417,-0.163960213,0,3
614,No,3,"Horgan, Mr. John",male,26,0,0,370377,7.75,Q,Mr,0,Unknown,1,2.1690537,0.321437547,0.347553665,-0.232411163,-0.818526864,1,3
615,No,3,"Brocklebank, Mr. William Alfred",male,35,0,0,364512,8.05,S,Mr,0,Unknown,1,2.202764758,0.434531289,0.352955284,0.434705969,-0.783739064,1,3
616,Yes,2,"Herman, Miss. Alice",female,24,1,2,220845,65,S,Miss,0,Unknown,4,4.189654742,0.296305604,0.671320337,-0.380659415,1.266612859,0,2
617,No,3,"Danbom, Mr. Ernst Gilbert",male,34,1,1,347080,14.4,S,Mr,0,Unknown,3,2.734367509,0.421965318,0.43813551,0.360581843,-0.23515674,1,3
618,No,3,"Lobb, Mrs. William Arthur (Cordelia K Stanlick)",female,26,1,0,A/5. 3336,16.1,S,Mrs,0,Unknown,2,2.839078464,0.321437547,0.454913645,-0.232411163,-0.127101283,0,3
619,Yes,2,"Becker, Miss. Marion Louise",female,4,2,1,230136,39,S,Miss,1,F,4,3.688879454,0.044986177,0.591079683,-1.863141932,0.749842639,0,2
620,No,2,"Gavey, Mr. Lawrence",male,26,0,0,31028,10.5,S,Mr,0,Unknown,1,2.442347035,0.321437547,0.391344236,-0.232411163,-0.536504447,1,2
621,No,3,"Yasbeck, Mr. Antoni",male,27,1,0,2659,14.4542,C,Mr,0,Unknown,2,2.737880811,0.334003518,0.438698457,-0.158287038,-0.231531222,1,3
622,Yes,1,"Kimball, Mr. Edwin Nelson Jr",male,42,1,0,11753,52.5542,S,Mr,1,D,2,3.980694225,0.522493089,0.637837997,0.95357485,1.050978073,1,1
623,Yes,3,"Nakid, Mr. Sahid",male,20,1,1,2653,15.7417,C,Mr,0,Unknown,3,2.817902613,0.246041719,0.451520578,-0.677155918,-0.148953497,1,3
624,No,3,"Hansen, Mr. Henry Damsgaard",male,21,0,0,350029,7.8542,S,Mr,0,Unknown,1,2.180891923,0.25860769,0.349450537,-0.603031793,-0.806310525,1,3
625,No,3,"Bowen, Mr. David John ""Dai""",male,21,0,0,54636,16.1,S,Mr,0,Unknown,1,2.839078464,0.25860769,0.454913645,-0.603031793,-0.127101283,1,3
626,No,1,"Sutton, Mr. Frederick",male,61,0,0,36963,32.3208,S,Mr,1,D,1,3.506181827,0.761246544,0.561805521,2.361933241,0.561309588,1,1
627,No,2,"Kirkland, Rev. Charles Leonard",male,57,0,0,219533,12.35,Q,Rare,0,Unknown,1,2.591516385,0.710982659,0.415246067,2.065436737,-0.382570578,1,2
628,Yes,1,"Longley, Miss. Gretchen Fiske",female,21,0,0,13502,77.9583,S,Miss,1,D,1,4.368919865,0.25860769,0.700044499,-0.603031793,1.451603771,0,1
629,No,3,"Bostandyeff, Mr. Guentcho",male,26,0,0,349224,7.8958,S,Mr,0,Unknown,1,2.185579255,0.321437547,0.350201602,-0.232411163,-0.801473477,1,3
630,No,3,"O'Connell, Mr. Patrick D",male,26,0,0,334912,7.7333,Q,Mr,0,Unknown,1,2.167143305,0.321437547,0.347247557,-0.232411163,-0.820498277,1,3
631,Yes,1,"Barkworth, Mr. Algernon Henry Wilson",male,80,0,0,27042,30,S,Mr,1,A,1,3.433987204,1,0.550237571,3.770291632,0.486809045,1,1
632,No,3,"Lundahl, Mr. Johan Svensson",male,51,0,0,347743,7.0542,S,Mr,0,Unknown,1,2.086193695,0.635586831,0.33427677,1.620691982,-0.904033446,1,3
633,Yes,1,"Stahelin-Maeglin, Dr. Max",male,32,0,0,13214,30.5,C,Rare,1,B,1,3.449987546,0.396833375,0.552801351,0.212333592,0.503320443,1,1
634,No,1,"Parr, Mr. William Henry Marsh",male,40,0,0,112052,0,S,Mr,0,Unknown,1,0,0.497361146,0,0.805326598,-3.056860874,1,1
635,No,3,"Skoog, Miss. Mabel",female,9,3,2,347088,27.9,S,Miss,0,Unknown,6,3.363841595,0.107816034,0.53899794,-1.492521303,0.414422961,0,3
636,Yes,2,"Davis, Miss. Mary",female,28,0,0,237668,13,S,Miss,0,Unknown,1,2.63905733,0.34656949,0.422863688,-0.084162912,-0.333511159,0,2
637,No,3,"Leinonen, Mr. Antti Gustaf",male,32,0,0,STON/O 2. 3101292,7.925,S,Mr,0,Unknown,1,2.188856328,0.396833375,0.350726697,0.212333592,-0.798091734,1,3
638,No,2,"Collyer, Mr. Harvey",male,31,1,1,C.A. 31921,26.25,S,Mr,0,Unknown,3,3.305053521,0.384267404,0.529578159,0.138209466,0.353757176,1,2
639,No,3,"Panula, Mrs. Juha (Maria Emilia Ojala)",female,41,0,5,3101295,39.6875,S,Mrs,0,Unknown,6,3.70592092,0.509927117,0.593810286,0.879450724,0.767428415,0,3
640,No,3,"Thorneycroft, Mr. Percival",male,26,1,0,376564,16.1,S,Mr,0,Unknown,2,2.839078464,0.321437547,0.454913645,-0.232411163,-0.127101283,1,3
641,No,3,"Jensen, Mr. Hans Peder",male,20,0,0,350050,7.8542,S,Mr,0,Unknown,1,2.180891923,0.246041719,0.349450537,-0.677155918,-0.806310525,1,3
642,Yes,1,"Sagesser, Mlle. Emma",female,24,0,0,PC 17477,69.3,C,Miss,1,B,1,4.252771799,0.296305604,0.681433763,-0.380659415,1.331745896,0,1
643,No,3,"Skoog, Miss. Margit Elizabeth",female,2,3,2,347088,27.9,S,Miss,0,Unknown,6,3.363841595,0.019854235,0.53899794,-2.011390183,0.414422961,0,3
644,Yes,3,"Foo, Mr. Choong",male,26,0,0,1601,56.4958,S,Mr,0,Unknown,1,4.051711902,0.321437547,0.649217362,-0.232411163,1.124264078,1,3
645,Yes,3,"Baclini, Miss. Eugenie",female,0.75,2,1,2666,19.2583,C,Miss,0,Unknown,4,3.008564586,0.004146771,0.48207089,-2.104045341,0.047798284,0,3
646,Yes,1,"Harper, Mr. Henry Sleeper",male,48,1,0,PC 17572,76.7292,C,Mr,1,D,2,4.353230991,0.597888917,0.697530626,1.398319605,1.435413789,1,1
647,No,3,"Cor, Mr. Liudevit",male,19,0,0,349231,7.8958,S,Mr,0,Unknown,1,2.185579255,0.233475748,0.350201602,-0.751280044,-0.801473477,1,3
648,Yes,1,"Simonius-Blumer, Col. Oberst Alfons",male,56,0,0,13213,35.5,C,Rare,1,A,1,3.597312261,0.698416688,0.576407611,1.991312612,0.655350759,1,1
649,No,3,"Willey, Mr. Edward",male,26,0,0,S.O./P.P. 751,7.55,S,Mr,0,Unknown,1,2.145931283,0.321437547,0.343848694,-0.232411163,-0.842387819,1,3
650,Yes,3,"Stanley, Miss. Amy Zillah Elsie",female,23,0,0,CA. 2314,7.55,S,Miss,0,Unknown,1,2.145931283,0.283739633,0.343848694,-0.454783541,-0.842387819,0,3
651,No,3,"Mitkoff, Mr. Mito",male,26,0,0,349221,7.8958,S,Mr,0,Unknown,1,2.185579255,0.321437547,0.350201602,-0.232411163,-0.801473477,1,3
652,Yes,2,"Doling, Miss. Elsie",female,18,0,1,231919,23,S,Miss,0,Unknown,2,3.17805383,0.220909776,0.509228636,-0.82540417,0.222701072,0,2
653,No,3,"Kalvik, Mr. Johannes Halvorsen",male,21,0,0,8475,8.4333,S,Mr,0,Unknown,1,2.244245982,0.25860769,0.359601939,-0.603031793,-0.740932915,1,3
654,Yes,3,"O'Leary, Miss. Hanora ""Norah""",female,18,0,0,330919,7.8292,Q,Miss,0,Unknown,1,2.17806441,0.220909776,0.348997477,-0.82540417,-0.809228349,0,3
655,No,3,"Hegarty, Miss. Hanora ""Nora""",female,18,0,0,365226,6.75,Q,Miss,0,Unknown,1,2.047692843,0.220909776,0.328107669,-0.82540417,-0.943764028,0,3
656,No,2,"Hickman, Mr. Leonard Mark",male,24,2,0,S.O.C. 14879,73.5,S,Mr,0,Unknown,3,4.310799125,0.296305604,0.690731647,-0.380659415,1.391626635,1,2
657,No,3,"Radeff, Mr. Alexander",male,26,0,0,349223,7.8958,S,Mr,0,Unknown,1,2.185579255,0.321437547,0.350201602,-0.232411163,-0.801473477,1,3
658,No,3,"Bourke, Mrs. John (Catherine)",female,32,1,1,364849,15.5,Q,Mrs,0,Unknown,3,2.803360381,0.396833375,0.449190435,0.212333592,-0.163960213,0,3
659,No,2,"Eitemiller, Mr. George Floyd",male,23,0,0,29751,13,S,Mr,0,Unknown,1,2.63905733,0.283739633,0.422863688,-0.454783541,-0.333511159,1,2
660,No,1,"Newell, Mr. Arthur Webster",male,58,0,2,35273,113.275,C,Mr,1,D,3,4.738607824,0.72354863,0.759280656,2.139560863,1.833099689,1,1
661,Yes,1,"Frauenthal, Dr. Henry William",male,50,2,0,PC 17611,133.65,S,Rare,0,Unknown,3,4.902678819,0.62302086,0.78557022,1.546567857,2.002411167,1,1
662,No,3,"Badt, Mr. Mohamed",male,40,0,0,2623,7.225,C,Mr,0,Unknown,1,2.107178297,0.497361146,0.337639193,0.805326598,-0.882378589,1,3
663,No,1,"Colley, Mr. Edward Pomeroy",male,47,0,0,5727,25.5875,S,Mr,1,E,1,3.280441181,0.585322945,0.525634453,1.324195479,0.328358709,1,1
664,No,3,"Coleff, Mr. Peju",male,36,0,0,349210,7.4958,S,Mr,0,Unknown,1,2.139571924,0.447097261,0.342829716,0.508830095,-0.848950298,1,3
665,Yes,3,"Lindqvist, Mr. Eino William",male,20,1,0,STON/O 2. 3101285,7.925,S,Mr,0,Unknown,2,2.188856328,0.246041719,0.350726697,-0.677155918,-0.798091734,1,3
666,No,2,"Hickman, Mr. Lewis",male,32,2,0,S.O.C. 14879,73.5,S,Mr,0,Unknown,3,4.310799125,0.396833375,0.690731647,0.212333592,1.391626635,1,2
667,No,2,"Butler, Mr. Reginald Fenton",male,25,0,0,234686,13,S,Mr,0,Unknown,1,2.63905733,0.308871576,0.422863688,-0.306535289,-0.333511159,1,2
668,No,3,"Rommetvedt, Mr. Knud Paust",male,26,0,0,312993,7.775,S,Mr,0,Unknown,1,2.171906769,0.321437547,0.348010821,-0.232411163,-0.815582667,1,3
669,No,3,"Cook, Mr. Jacob",male,43,0,0,A/5 3536,8.05,S,Mr,0,Unknown,1,2.202764758,0.53505906,0.352955284,1.027698976,-0.783739064,1,3
670,Yes,1,"Taylor, Mrs. Elmer Zebley (Juliet Cummins Wright)",female,40,1,0,19996,52,S,Mrs,1,C,2,3.970291914,0.497361146,0.636171205,0.805326598,1.040243508,0,1
671,Yes,2,"Brown, Mrs. Thomas William Solomon (Elizabeth Catherine Ford)",female,40,1,1,29750,39,S,Mrs,0,Unknown,3,3.688879454,0.497361146,0.591079683,0.805326598,0.749842639,0,2
672,No,1,"Davidson, Mr. Thornton",male,31,1,0,F.C. 12750,52,S,Mr,1,B,2,3.970291914,0.384267404,0.636171205,0.138209466,1.040243508,1,1
673,No,2,"Mitchell, Mr. Henry Michael",male,70,0,0,C.A. 24580,10.5,S,Mr,0,Unknown,1,2.442347035,0.874340287,0.391344236,3.029050373,-0.536504447,1,2
674,Yes,2,"Wilhelms, Mr. Charles",male,31,0,0,244270,13,S,Mr,0,Unknown,1,2.63905733,0.384267404,0.422863688,0.138209466,-0.333511159,1,2
675,No,2,"Watson, Mr. Ennis Hastings",male,31,0,0,239856,0,S,Mr,0,Unknown,1,0,0.384267404,0,0.138209466,-3.056860874,1,2
676,No,3,"Edvardsson, Mr. Gustaf Hjalmar",male,18,0,0,349912,7.775,S,Mr,0,Unknown,1,2.171906769,0.220909776,0.348010821,-0.82540417,-0.815582667,1,3
677,No,3,"Sawyer, Mr. Frederick Charles",male,24.5,0,0,342826,8.05,S,Mr,0,Unknown,1,2.202764758,0.30258859,0.352955284,-0.343597352,-0.783739064,1,3
678,Yes,3,"Turja, Miss. Anna Sofia",female,18,0,0,4138,9.8417,S,Miss,0,Unknown,1,2.38339981,0.220909776,0.381898954,-0.82540417,-0.597334466,0,3
679,No,3,"Goodwin, Mrs. Frederick (Augusta Tyler)",female,43,1,6,CA 2144,46.9,S,Mrs,0,Unknown,8,3.869115504,0.53505906,0.61995942,1.027698976,0.93583549,0,3
680,Yes,1,"Cardeza, Mr. Thomas Drake Martinez",male,36,0,1,PC 17755,512.3292,C,Mr,1,B,2,6.240917355,0.447097261,1,0.508830095,3.383393495,1,1
681,No,3,"Peters, Miss. Katie",female,18,0,0,330935,8.1375,Q,Miss,0,Unknown,1,2.212386825,0.220909776,0.354497055,-0.82540417,-0.773809664,0,3
682,Yes,1,"Hassab, Mr. Hammad",male,27,0,0,PC 17572,76.7292,C,Mr,1,D,1,4.353230991,0.334003518,0.697530626,-0.158287038,1.435413789,1,1
683,No,3,"Olsvigen, Mr. Thor Anderson",male,20,0,0,6563,9.225,S,Mr,0,Unknown,1,2.324835702,0.246041719,0.37251506,-0.677155918,-0.657769132,1,3
684,No,3,"Goodwin, Mr. Charles Edward",male,14,5,2,CA 2144,46.9,S,Mr,0,Unknown,8,3.869115504,0.170645891,0.61995942,-1.121900673,0.93583549,1,3
685,No,2,"Brown, Mr. Thomas William Solomon",male,60,1,1,29750,39,S,Mr,0,Unknown,3,3.688879454,0.748680573,0.591079683,2.287809115,0.749842639,1,2
686,No,2,"Laroche, Mr. Joseph Philippe Lemercier",male,25,1,2,SC/Paris 2123,41.5792,C,Mr,0,Unknown,4,3.751365871,0.308871576,0.60109206,-0.306535289,0.814324894,1,2
687,No,3,"Panula, Mr. Jaako Arnold",male,14,4,1,3101295,39.6875,S,Mr,0,Unknown,6,3.70592092,0.170645891,0.593810286,-1.121900673,0.767428415,1,3
688,No,3,"Dakic, Mr. Branko",male,19,0,0,349228,10.1708,S,Mr,0,Unknown,1,2.413303231,0.233475748,0.386690465,-0.751280044,-0.56647592,1,3
689,No,3,"Fischer, Mr. Eberhard Thelander",male,18,0,0,350036,7.7958,S,Mr,0,Unknown,1,2.174274335,0.220909776,0.348390182,-0.82540417,-0.81313948,1,3
690,Yes,1,"Madill, Miss. Georgette Alexandra",female,15,0,1,24160,211.3375,S,Miss,1,B,2,5.35817699,0.183211862,0.858555992,-1.047776548,2.472458104,0,1
691,Yes,1,"Dick, Mr. Albert Adrian",male,31,1,0,17474,57,S,Mr,1,B,2,4.060443011,0.384267404,0.650616373,0.138209466,1.133274061,1,1
692,Yes,3,"Karun, Miss. Manca",female,4,0,1,349256,13.4167,C,Miss,0,Unknown,2,2.668387257,0.044986177,0.427563306,-1.863141932,-0.303244424,0,3
693,Yes,3,"Lam, Mr. Ali",male,26,0,0,1601,56.4958,S,Mr,0,Unknown,1,4.051711902,0.321437547,0.649217362,-0.232411163,1.124264078,1,3
694,No,3,"Saad, Mr. Khalil",male,25,0,0,2672,7.225,C,Mr,0,Unknown,1,2.107178297,0.308871576,0.337639193,-0.306535289,-0.882378589,1,3
695,No,1,"Weir, Col. John",male,60,0,0,113800,26.55,S,Rare,0,Unknown,1,3.316002536,0.748680573,0.531332551,2.287809115,0.365055906,1,1
696,No,2,"Chapman, Mr. Charles Henry",male,52,0,0,248731,13.5,S,Mr,0,Unknown,1,2.674148649,0.648152802,0.42848647,1.694816108,-0.297299011,1,2
697,No,3,"Kelly, Mr. James",male,44,0,0,363592,8.05,S,Mr,0,Unknown,1,2.202764758,0.547625031,0.352955284,1.101823102,-0.783739064,1,3
698,Yes,3,"Mullens, Miss. Katherine ""Katie""",female,18,0,0,35852,7.7333,Q,Miss,0,Unknown,1,2.167143305,0.220909776,0.347247557,-0.82540417,-0.820498277,0,3
699,No,1,"Thayer, Mr. John Borland",male,49,1,1,17421,110.8833,C,Mr,1,C,3,4.717456364,0.610454888,0.755891497,1.472443731,1.811272644,1,1
700,No,3,"Humblen, Mr. Adolf Mathias Nicolai Olsen",male,42,0,0,348121,7.65,S,Mr,1,F,1,2.157559321,0.522493089,0.345711888,0.95357485,-0.830388377,1,3
701,Yes,1,"Astor, Mrs. John Jacob (Madeleine Talmadge Force)",female,18,1,0,PC 17757,227.525,C,Mrs,1,C,2,5.431645614,0.220909776,0.870328079,-0.82540417,2.54827334,0,1
702,Yes,1,"Silverthorne, Mr. Spencer Victor",male,35,0,0,PC 17475,26.2875,S,Mr,1,E,1,3.306428722,0.434531289,0.529798511,0.434705969,0.355176301,1,1
703,No,3,"Barbara, Miss. Saiide",female,18,0,1,2691,14.4542,C,Miss,0,Unknown,2,2.737880811,0.220909776,0.438698457,-0.82540417,-0.231531222,0,3
704,No,3,"Gallagher, Mr. Martin",male,25,0,0,36864,7.7417,Q,Mr,0,Unknown,1,2.168104679,0.308871576,0.347401601,-0.306535289,-0.819506197,1,3
705,No,3,"Hansen, Mr. Henrik Juul",male,26,1,0,350025,7.8542,S,Mr,0,Unknown,2,2.180891923,0.321437547,0.349450537,-0.232411163,-0.806310525,1,3
706,No,2,"Morley, Mr. Henry Samuel (""Mr Henry Marshall"")",male,39,0,0,250655,26,S,Mr,0,Unknown,1,3.295836866,0.484795175,0.528101348,0.731202472,0.344246138,1,2
707,Yes,2,"Kelly, Mrs. Florence ""Fannie""",female,45,0,0,223596,13.5,S,Mrs,0,Unknown,1,2.674148649,0.560191003,0.42848647,1.175947227,-0.297299011,0,2
708,Yes,1,"Calderhead, Mr. Edward Pennington",male,42,0,0,PC 17476,26.2875,S,Mr,1,E,1,3.306428722,0.522493089,0.529798511,0.95357485,0.355176301,1,1
709,Yes,1,"Cleaver, Miss. Alice",female,22,0,0,113781,151.55,S,Miss,0,Unknown,1,5.027492411,0.271173662,0.805569458,-0.528907667,2.131211347,0,1
710,Yes,3,"Moubarek, Master. Halim Gonios (""William George"")",male,4,1,1,2661,15.2458,C,Master,0,Unknown,3,2.787834414,0.044986177,0.446702665,-1.863141932,-0.179982085,1,3
711,Yes,1,"Mayne, Mlle. Berthe Antonine (""Mrs de Villiers"")",female,24,0,0,PC 17482,49.5042,C,Miss,1,C,1,3.922056501,0.296305604,0.628442307,-0.380659415,0.99046744,0,1
712,No,1,"Klaber, Mr. Herman",male,40,0,0,113028,26.55,S,Mr,1,C,1,3.316002536,0.497361146,0.531332551,0.805326598,0.365055906,1,1
713,Yes,1,"Taylor, Mr. Elmer Zebley",male,48,1,0,19996,52,S,Mr,1,C,2,3.970291914,0.597888917,0.636171205,1.398319605,1.040243508,1,1
714,No,3,"Larsson, Mr. August Viktor",male,29,0,0,7545,9.4833,S,Mr,0,Unknown,1,2.349783515,0.359135461,0.376512519,-0.010038786,-0.632024478,1,3
715,No,2,"Greenberg, Mr. Samuel",male,52,0,0,250647,13,S,Mr,0,Unknown,1,2.63905733,0.648152802,0.422863688,1.694816108,-0.333511159,1,2
716,No,3,"Soholt, Mr. Peter Andreas Lauritz Andersen",male,19,0,0,348124,7.65,S,Mr,1,F,1,2.157559321,0.233475748,0.345711888,-0.751280044,-0.830388377,1,3
717,Yes,1,"Endres, Miss. Caroline Louise",female,38,0,0,PC 17757,227.525,C,Miss,1,C,1,5.431645614,0.472229203,0.870328079,0.657078347,2.54827334,0,1
718,Yes,2,"Troutt, Miss. Edwina Celia ""Winnie""",female,27,0,0,34218,10.5,S,Miss,1,E,1,2.442347035,0.334003518,0.391344236,-0.158287038,-0.536504447,0,2
719,No,3,"McEvoy, Mr. Michael",male,26,0,0,36568,15.5,Q,Mr,0,Unknown,1,2.803360381,0.321437547,0.449190435,-0.232411163,-0.163960213,1,3
720,No,3,"Johnson, Mr. Malkolm Joackim",male,33,0,0,347062,7.775,S,Mr,0,Unknown,1,2.171906769,0.409399347,0.348010821,0.286457717,-0.815582667,1,3
721,Yes,2,"Harper, Miss. Annie Jessie ""Nina""",female,6,0,1,248727,33,S,Miss,0,Unknown,2,3.526360525,0.07011812,0.565038811,-1.71489368,0.5821328,0,2
722,No,3,"Jensen, Mr. Svend Lauritz",male,17,1,0,350048,7.0542,S,Mr,0,Unknown,2,2.086193695,0.208343805,0.33427677,-0.899528296,-0.904033446,1,3
723,No,2,"Gillespie, Mr. William Henry",male,34,0,0,12233,13,S,Mr,0,Unknown,1,2.63905733,0.421965318,0.422863688,0.360581843,-0.333511159,1,2
724,No,2,"Hodges, Mr. Henry Price",male,50,0,0,250643,13,S,Mr,0,Unknown,1,2.63905733,0.62302086,0.422863688,1.546567857,-0.333511159,1,2
725,Yes,1,"Chambers, Mr. Norman Campbell",male,27,1,0,113806,53.1,S,Mr,1,E,2,3.990834186,0.334003518,0.639462752,-0.158287038,1.061441907,1,1
726,No,3,"Oreskovic, Mr. Luka",male,20,0,0,315094,8.6625,S,Mr,0,Unknown,1,2.268252414,0.246041719,0.363448558,-0.677155918,-0.71615971,1,3
727,Yes,2,"Renouf, Mrs. Peter Henry (Lillian Jefferys)",female,30,3,0,31027,21,S,Mrs,0,Unknown,4,3.091042453,0.371701433,0.495286554,0.06408534,0.132910522,0,2
728,Yes,3,"Mannion, Miss. Margareth",female,18,0,0,36866,7.7375,Q,Miss,0,Unknown,1,2.167624108,0.220909776,0.347324597,-0.82540417,-0.820002118,0,3
729,No,2,"Bryhl, Mr. Kurt Arnold Gottfrid",male,25,1,0,236853,26,S,Mr,0,Unknown,2,3.295836866,0.308871576,0.528101348,-0.306535289,0.344246138,1,2
730,No,3,"Ilmakangas, Miss. Pieta Sofia",female,25,1,0,STON/O2. 3101271,7.925,S,Miss,0,Unknown,2,2.188856328,0.308871576,0.350726697,-0.306535289,-0.798091734,0,3
731,Yes,1,"Allen, Miss. Elisabeth Walton",female,29,0,0,24160,211.3375,S,Miss,1,B,1,5.35817699,0.359135461,0.858555992,-0.010038786,2.472458104,0,1
732,No,3,"Hassan, Mr. Houssein G N",male,11,0,0,2699,18.7875,C,Mr,0,Unknown,1,2.985050425,0.132947977,0.478303149,-1.344273051,0.023533073,1,3
733,No,2,"Knight, Mr. Robert J",male,31,0,0,239855,0,S,Mr,0,Unknown,1,0,0.384267404,0,0.138209466,-3.056860874,1,2
734,No,2,"Berriman, Mr. William John",male,23,0,0,28425,13,S,Mr,0,Unknown,1,2.63905733,0.283739633,0.422863688,-0.454783541,-0.333511159,1,2
735,No,2,"Troupiansky, Mr. Moses Aaron",male,23,0,0,233639,13,S,Mr,0,Unknown,1,2.63905733,0.283739633,0.422863688,-0.454783541,-0.333511159,1,2
736,No,3,"Williams, Mr. Leslie",male,28.5,0,0,54636,16.1,S,Mr,0,Unknown,1,2.839078464,0.352852475,0.454913645,-0.047100849,-0.127101283,1,3
737,No,3,"Ford, Mrs. Edward (Margaret Ann Watson)",female,48,1,3,W./C. 6608,34.375,S,Mrs,0,Unknown,5,3.566005356,0.597888917,0.571391216,1.398319605,0.623043901,0,3
738,Yes,1,"Lesurer, Mr. Gustave J",male,35,0,0,PC 17755,512.3292,C,Mr,1,B,1,6.240917355,0.434531289,1,0.434705969,3.383393495,1,1
739,No,3,"Ivanoff, Mr. Kanio",male,26,0,0,349201,7.8958,S,Mr,0,Unknown,1,2.185579255,0.321437547,0.350201602,-0.232411163,-0.801473477,1,3
740,No,3,"Nankoff, Mr. Minko",male,26,0,0,349218,7.8958,S,Mr,0,Unknown,1,2.185579255,0.321437547,0.350201602,-0.232411163,-0.801473477,1,3
741,Yes,1,"Hawksford, Mr. Walter James",male,40,0,0,16988,30,S,Mr,1,D,1,3.433987204,0.497361146,0.550237571,0.805326598,0.486809045,1,1
742,No,1,"Cavendish, Mr. Tyrell William",male,36,1,0,19877,78.85,S,Mr,1,C,2,4.380149875,0.447097261,0.701843916,0.508830095,1.463192471,1,1
743,Yes,1,"Ryerson, Miss. Susan Parker ""Suzette""",female,21,2,2,PC 17608,262.375,C,Miss,1,B,5,5.573578872,0.25860769,0.89307045,-0.603031793,2.694739995,0,1
744,No,3,"McNamee, Mr. Neal",male,24,1,0,376566,16.1,S,Mr,0,Unknown,2,2.839078464,0.296305604,0.454913645,-0.380659415,-0.127101283,1,3
745,Yes,3,"Stranden, Mr. Juho",male,31,0,0,STON/O 2. 3101288,7.925,S,Mr,0,Unknown,1,2.188856328,0.384267404,0.350726697,0.138209466,-0.798091734,1,3
746,No,1,"Crosby, Capt. Edward Gifford",male,70,1,1,WE/P 5735,71,S,Rare,1,B,3,4.276666119,0.874340287,0.685262418,3.029050373,1.356403409,1,1
747,No,3,"Abbott, Mr. Rossmore Edward",male,16,1,1,C.A. 2673,20.25,S,Mr,0,Unknown,3,3.056356895,0.195777834,0.489728789,-0.973652422,0.097117096,1,3
748,Yes,2,"Sinkkonen, Miss. Anna",female,30,0,0,250648,13,S,Miss,0,Unknown,1,2.63905733,0.371701433,0.422863688,0.06408534,-0.333511159,0,2
749,No,1,"Marvin, Mr. Daniel Warner",male,19,1,0,113773,53.1,S,Mr,1,D,2,3.990834186,0.233475748,0.639462752,-0.751280044,1.061441907,1,1
750,No,3,"Connaghton, Mr. Michael",male,31,0,0,335097,7.75,Q,Mr,0,Unknown,1,2.1690537,0.384267404,0.347553665,0.138209466,-0.818526864,1,3
751,Yes,2,"Wells, Miss. Joan",female,4,1,1,29103,23,S,Miss,0,Unknown,3,3.17805383,0.044986177,0.509228636,-1.863141932,0.222701072,0,2
752,Yes,3,"Moor, Master. Meier",male,6,0,1,392096,12.475,S,Master,1,E,2,2.600836117,0.07011812,0.416739394,-1.71489368,-0.372953171,1,3
753,No,3,"Vande Velde, Mr. Johannes Joseph",male,33,0,0,345780,9.5,S,Mr,0,Unknown,1,2.351375257,0.409399347,0.376767569,0.286457717,-0.630381895,1,3
754,No,3,"Jonkoff, Mr. Lalio",male,23,0,0,349204,7.8958,S,Mr,0,Unknown,1,2.185579255,0.283739633,0.350201602,-0.454783541,-0.801473477,1,3
755,Yes,2,"Herman, Mrs. Samuel (Jane Laver)",female,48,1,2,220845,65,S,Mrs,0,Unknown,4,4.189654742,0.597888917,0.671320337,1.398319605,1.266612859,0,2
756,Yes,2,"Hamalainen, Master. Viljo",male,0.67,1,1,250649,14.5,S,Master,0,Unknown,3,2.740840024,0.003141493,0.43917262,-2.109975271,-0.228477491,1,2
757,No,3,"Carlsson, Mr. August Sigfrid",male,28,0,0,350042,7.7958,S,Mr,0,Unknown,1,2.174274335,0.34656949,0.348390182,-0.084162912,-0.81313948,1,3
758,No,2,"Bailey, Mr. Percy Andrew",male,18,0,0,29108,11.5,S,Mr,0,Unknown,1,2.525728644,0.220909776,0.404704709,-0.82540417,-0.450459601,1,2
759,No,3,"Theobald, Mr. Thomas Leonard",male,34,0,0,363294,8.05,S,Mr,0,Unknown,1,2.202764758,0.421965318,0.352955284,0.360581843,-0.783739064,1,3
760,Yes,1,"Rothes, the Countess. of (Lucy Noel Martha Dyer-Edwards)",female,33,0,0,110152,86.5,S,Rare,1,B,1,4.471638793,0.409399347,0.716503446,0.286457717,1.557603577,0,1
761,No,3,"Garfirth, Mr. John",male,26,0,0,358585,14.5,S,Mr,0,Unknown,1,2.740840024,0.321437547,0.43917262,-0.232411163,-0.228477491,1,3
762,No,3,"Nirva, Mr. Iisakki Antino Aijo",male,41,0,0,SOTON/O2 3101272,7.125,S,Mr,0,Unknown,1,2.094945728,0.509927117,0.335679133,0.879450724,-0.89500187,1,3
763,Yes,3,"Barah, Mr. Hanna Assi",male,20,0,0,2663,7.2292,C,Mr,0,Unknown,1,2.107688805,0.246041719,0.337720993,-0.677155918,-0.881851775,1,3
764,Yes,1,"Carter, Mrs. William Ernest (Lucile Polk)",female,36,1,2,113760,120,S,Mrs,1,B,4,4.795790546,0.447097261,0.768443207,0.508830095,1.892108846,0,1
765,No,3,"Eklund, Mr. Hans Linus",male,16,0,0,347074,7.775,S,Mr,0,Unknown,1,2.171906769,0.195777834,0.348010821,-0.973652422,-0.815582667,1,3
766,Yes,1,"Hogeboom, Mrs. John C (Anna Andrews)",female,51,1,0,13502,77.9583,S,Mrs,1,D,2,4.368919865,0.635586831,0.700044499,1.620691982,1.451603771,0,1
767,No,1,"Brewe, Dr. Arthur Jackson",male,48.5,0,0,112379,39.6,C,Rare,0,Unknown,1,3.703768067,0.604171902,0.593465328,1.435381668,0.765206799,1,1
768,No,3,"Mangan, Miss. Mary",female,30.5,0,0,364850,7.75,Q,Miss,0,Unknown,1,2.1690537,0.377984418,0.347553665,0.101147403,-0.818526864,0,3
769,No,3,"Moran, Mr. Daniel J",male,26,1,0,371110,24.15,Q,Mr,0,Unknown,2,3.224857897,0.321437547,0.516728185,-0.232411163,0.271000076,1,3
770,No,3,"Gronnestad, Mr. Daniel Danielsen",male,32,0,0,8471,8.3625,S,Mr,0,Unknown,1,2.236712349,0.396833375,0.358394803,0.212333592,-0.748707175,1,3
771,No,3,"Lievens, Mr. Rene Aime",male,24,0,0,345781,9.5,S,Mr,0,Unknown,1,2.351375257,0.296305604,0.376767569,-0.380659415,-0.630381895,1,3
772,No,3,"Jensen, Mr. Niels Peder",male,48,0,0,350047,7.8542,S,Mr,0,Unknown,1,2.180891923,0.597888917,0.349450537,1.398319605,-0.806310525,1,3
773,No,2,"Mack, Mrs. (Mary)",female,57,0,0,S.O./P.P. 3,10.5,S,Mrs,1,E,1,2.442347035,0.710982659,0.391344236,2.065436737,-0.536504447,0,2
774,No,3,"Elias, Mr. Dibo",male,26,0,0,2674,7.225,C,Mr,0,Unknown,1,2.107178297,0.321437547,0.337639193,-0.232411163,-0.882378589,1,3
775,Yes,2,"Hocking, Mrs. Elizabeth (Eliza Needs)",female,54,1,3,29105,23,S,Mrs,0,Unknown,5,3.17805383,0.673284745,0.509228636,1.84306436,0.222701072,0,2
776,No,3,"Myhrman, Mr. Pehr Fabian Oliver Malkolm",male,18,0,0,347078,7.75,S,Mr,0,Unknown,1,2.1690537,0.220909776,0.347553665,-0.82540417,-0.818526864,1,3
777,No,3,"Tobin, Mr. Roger",male,26,0,0,383121,7.75,Q,Mr,1,F,1,2.1690537,0.321437547,0.347553665,-0.232411163,-0.818526864,1,3
778,Yes,3,"Emanuel, Miss. Virginia Ethel",female,5,0,0,364516,12.475,S,Miss,0,Unknown,1,2.600836117,0.057552149,0.416739394,-1.789017806,-0.372953171,0,3
779,No,3,"Kilgannon, Mr. Thomas J",male,26,0,0,36865,7.7375,Q,Mr,0,Unknown,1,2.167624108,0.321437547,0.347324597,-0.232411163,-0.820002118,1,3
780,Yes,1,"Robert, Mrs. Edward Scott (Elisabeth Walton McMillan)",female,43,0,1,24160,211.3375,S,Mrs,1,B,2,5.35817699,0.53505906,0.858555992,1.027698976,2.472458104,0,1
781,Yes,3,"Ayoub, Miss. Banoura",female,13,0,0,2687,7.2292,C,Miss,0,Unknown,1,2.107688805,0.15807992,0.337720993,-1.196024799,-0.881851775,0,3
782,Yes,1,"Dick, Mrs. Albert Adrian (Vera Gillespie)",female,17,1,0,17474,57,S,Mrs,1,B,2,4.060443011,0.208343805,0.650616373,-0.899528296,1.133274061,0,1
783,No,1,"Long, Mr. Milton Clyde",male,29,0,0,113501,30,S,Mr,1,D,1,3.433987204,0.359135461,0.550237571,-0.010038786,0.486809045,1,1
784,No,3,"Johnston, Mr. Andrew G",male,26,1,2,W./C. 6607,23.45,S,Mr,0,Unknown,4,3.196630216,0.321437547,0.512205183,-0.232411163,0.241870794,1,3
785,No,3,"Ali, Mr. William",male,25,0,0,SOTON/O.Q. 3101312,7.05,S,Mr,0,Unknown,1,2.085672091,0.308871576,0.334193192,-0.306535289,-0.904571709,1,3
786,No,3,"Harmer, Mr. Abraham (David Lishin)",male,25,0,0,374887,7.25,S,Mr,0,Unknown,1,2.1102132,0.308871576,0.338125484,-0.306535289,-0.879246749,1,3
787,Yes,3,"Sjoblom, Miss. Anna Sofia",female,18,0,0,3101265,7.4958,S,Miss,0,Unknown,1,2.139571924,0.220909776,0.342829716,-0.82540417,-0.848950298,0,3
788,No,3,"Rice, Master. George Hugh",male,8,4,1,382652,29.125,Q,Master,0,Unknown,6,3.405355392,0.095250063,0.545649814,-1.566645428,0.457262722,1,3
789,Yes,3,"Dean, Master. Bertram Vere",male,1,1,2,C.A. 2315,20.575,S,Master,0,Unknown,4,3.071535237,0.007288263,0.492160858,-2.085514309,0.112780239,1,3
790,No,1,"Guggenheim, Mr. Benjamin",male,46,0,0,PC 17593,79.2,C,Mr,1,B,1,4.384523515,0.572756974,0.702544717,1.250071353,1.467705807,1,1
791,No,3,"Keane, Mr. Andrew ""Andy""",male,26,0,0,12460,7.75,Q,Mr,0,Unknown,1,2.1690537,0.321437547,0.347553665,-0.232411163,-0.818526864,1,3
792,No,2,"Gaskell, Mr. Alfred",male,16,0,0,239865,26,S,Mr,0,Unknown,1,3.295836866,0.195777834,0.528101348,-0.973652422,0.344246138,1,2
793,No,3,"Sage, Miss. Stella Anna",female,18,8,2,CA. 2343,69.55,S,Miss,0,Unknown,11,4.256321678,0.220909776,0.682002571,-0.82540417,1.33540916,0,3
794,No,1,"Hoyt, Mr. William Fisher",male,40,0,0,PC 17600,30.6958,C,Mr,0,Unknown,1,3.45618418,0.497361146,0.553794255,0.805326598,0.509714999,1,1
795,No,3,"Dantcheff, Mr. Ristiu",male,25,0,0,349203,7.8958,S,Mr,0,Unknown,1,2.185579255,0.308871576,0.350201602,-0.306535289,-0.801473477,1,3
796,No,2,"Otter, Mr. Richard",male,39,0,0,28213,13,S,Mr,0,Unknown,1,2.63905733,0.484795175,0.422863688,0.731202472,-0.333511159,1,2
797,Yes,1,"Leader, Dr. Alice (Farnham)",female,49,0,0,17465,25.9292,S,Rare,1,D,1,3.2932112,0.610454888,0.52768063,1.472443731,0.341536607,0,1
798,Yes,3,"Osman, Mrs. Mara",female,31,0,0,349244,8.6833,S,Mrs,0,Unknown,1,2.270402752,0.384267404,0.363793113,0.138209466,-0.713940689,0,3
799,No,3,"Ibrahim Shawah, Mr. Yousseff",male,30,0,0,2685,7.2292,C,Mr,0,Unknown,1,2.107688805,0.371701433,0.337720993,0.06408534,-0.881851775,1,3
800,No,3,"Van Impe, Mrs. Jean Baptiste (Rosalie Paula Govaert)",female,30,1,1,345773,24.15,S,Mrs,0,Unknown,3,3.224857897,0.371701433,0.516728185,0.06408534,0.271000076,0,3
801,No,2,"Ponesell, Mr. Martin",male,34,0,0,250647,13,S,Mr,0,Unknown,1,2.63905733,0.421965318,0.422863688,0.360581843,-0.333511159,1,2
802,Yes,2,"Collyer, Mrs. Harvey (Charlotte Annie Tate)",female,31,1,1,C.A. 31921,26.25,S,Mrs,0,Unknown,3,3.305053521,0.384267404,0.529578159,0.138209466,0.353757176,0,2
803,Yes,1,"Carter, Master. William Thornton II",male,11,1,2,113760,120,S,Master,1,B,4,4.795790546,0.132947977,0.768443207,-1.344273051,1.892108846,1,1
804,Yes,3,"Thomas, Master. Assad Alexander",male,0.42,0,1,2625,8.5167,C,Master,0,Unknown,2,2.25304815,0,0.361012336,-2.128506302,-0.731849603,1,3
805,Yes,3,"Hedman, Mr. Oskar Arvid",male,27,0,0,347089,6.975,S,Mr,0,Unknown,1,2.076311649,0.334003518,0.332693341,-0.158287038,-0.914231128,1,3
806,No,3,"Johansson, Mr. Karl Johan",male,31,0,0,347063,7.775,S,Mr,0,Unknown,1,2.171906769,0.384267404,0.348010821,0.138209466,-0.815582667,1,3
807,No,1,"Andrews, Mr. Thomas Jr",male,39,0,0,112050,0,S,Mr,1,A,1,0,0.484795175,0,0.731202472,-3.056860874,1,1
808,No,3,"Pettersson, Miss. Ellen Natalia",female,18,0,0,347087,7.775,S,Miss,0,Unknown,1,2.171906769,0.220909776,0.348010821,-0.82540417,-0.815582667,0,3
809,No,2,"Meyer, Mr. August",male,39,0,0,248723,13,S,Mr,0,Unknown,1,2.63905733,0.484795175,0.422863688,0.731202472,-0.333511159,1,2
810,Yes,1,"Chambers, Mrs. Norman Campbell (Bertha Griggs)",female,33,1,0,113806,53.1,S,Mrs,1,E,2,3.990834186,0.409399347,0.639462752,0.286457717,1.061441907,0,1
811,No,3,"Alexander, Mr. William",male,26,0,0,3474,7.8875,S,Mr,0,Unknown,1,2.184645795,0.321437547,0.350052031,-0.232411163,-0.802436752,1,3
812,No,3,"Lester, Mr. James",male,39,0,0,A/4 48871,24.15,S,Mr,0,Unknown,1,3.224857897,0.484795175,0.516728185,0.731202472,0.271000076,1,3
813,No,2,"Slemen, Mr. Richard James",male,35,0,0,28206,10.5,S,Mr,0,Unknown,1,2.442347035,0.434531289,0.391344236,0.434705969,-0.536504447,1,2
814,No,3,"Andersson, Miss. Ebba Iris Alfrida",female,6,4,2,347082,31.275,S,Miss,0,Unknown,7,3.474292937,0.07011812,0.556695873,-1.71489368,0.528402156,0,3
815,No,3,"Tomlin, Mr. Ernest Portage",male,30.5,0,0,364499,8.05,S,Mr,0,Unknown,1,2.202764758,0.377984418,0.352955284,0.101147403,-0.783739064,1,3
816,No,1,"Fry, Mr. Richard",male,40,0,0,112058,0,S,Mr,1,B,1,0,0.497361146,0,0.805326598,-3.056860874,1,1
817,No,3,"Heininen, Miss. Wendla Maria",female,23,0,0,STON/O2. 3101290,7.925,S,Miss,0,Unknown,1,2.188856328,0.283739633,0.350726697,-0.454783541,-0.798091734,0,3
818,No,2,"Mallet, Mr. Albert",male,31,1,1,S.C./PARIS 2079,37.0042,C,Mr,0,Unknown,3,3.63769668,0.384267404,0.582878521,0.138209466,0.69702507,1,2
819,No,3,"Holm, Mr. John Fredrik Alexander",male,43,0,0,C 7075,6.45,S,Mr,0,Unknown,1,2.008214032,0.53505906,0.321781866,1.027698976,-0.984503805,1,3
820,No,3,"Skoog, Master. Karl Thorsten",male,10,3,2,347088,27.9,S,Master,0,Unknown,6,3.363841595,0.120382006,0.53899794,-1.418397177,0.414422961,1,3
821,Yes,1,"Hays, Mrs. Charles Melville (Clara Jennings Gregg)",female,52,1,1,12749,93.5,S,Mrs,1,B,3,4.548599834,0.648152802,0.728835134,1.694816108,1.63702278,0,1
822,Yes,3,"Lulic, Mr. Nikola",male,27,0,0,315098,8.6625,S,Mr,0,Unknown,1,2.268252414,0.334003518,0.363448558,-0.158287038,-0.71615971,1,3
823,No,1,"Reuchlin, Jonkheer. John George",male,38,0,0,19972,0,S,Rare,0,Unknown,1,0,0.472229203,0,0.657078347,-3.056860874,1,1
824,Yes,3,"Moor, Mrs. (Beila)",female,27,0,1,392096,12.475,S,Mrs,1,E,2,2.600836117,0.334003518,0.416739394,-0.158287038,-0.372953171,0,3
825,No,3,"Panula, Master. Urho Abraham",male,2,4,1,3101295,39.6875,S,Master,0,Unknown,6,3.70592092,0.019854235,0.593810286,-2.011390183,0.767428415,1,3
826,No,3,"Flynn, Mr. John",male,26,0,0,368323,6.95,Q,Mr,0,Unknown,1,2.073171929,0.321437547,0.332190255,-0.232411163,-0.917471132,1,3
827,No,3,"Lam, Mr. Len",male,26,0,0,1601,56.4958,S,Mr,0,Unknown,1,4.051711902,0.321437547,0.649217362,-0.232411163,1.124264078,1,3
828,Yes,2,"Mallet, Master. Andre",male,1,0,2,S.C./PARIS 2079,37.0042,C,Master,0,Unknown,3,3.63769668,0.007288263,0.582878521,-2.085514309,0.69702507,1,2
829,Yes,3,"McCormack, Mr. Thomas Joseph",male,26,0,0,367228,7.75,Q,Mr,0,Unknown,1,2.1690537,0.321437547,0.347553665,-0.232411163,-0.818526864,1,3
830,Yes,1,"Stone, Mrs. George Nelson (Martha Evelyn)",female,62,0,0,113572,80,S,Mrs,1,B,1,4.394449155,0.773812516,0.70413513,2.436057367,1.477948475,0,1
831,Yes,3,"Yasbeck, Mrs. Antoni (Selini Alexander)",female,15,1,0,2659,14.4542,C,Mrs,0,Unknown,2,2.737880811,0.183211862,0.438698457,-1.047776548,-0.231531222,0,3
832,Yes,2,"Richards, Master. George Sibley",male,0.83,1,1,29106,18.75,S,Master,0,Unknown,3,2.983153491,0.005152048,0.477999198,-2.098115411,0.02157555,1,2
833,No,3,"Saad, Mr. Amin",male,26,0,0,2671,7.2292,C,Mr,0,Unknown,1,2.107688805,0.321437547,0.337720993,-0.232411163,-0.881851775,1,3
834,No,3,"Augustsson, Mr. Albert",male,23,0,0,347468,7.8542,S,Mr,0,Unknown,1,2.180891923,0.283739633,0.349450537,-0.454783541,-0.806310525,1,3
835,No,3,"Allum, Mr. Owen George",male,18,0,0,2223,8.3,S,Mr,0,Unknown,1,2.2300144,0.220909776,0.357321572,-0.82540417,-0.755619059,1,3
836,Yes,1,"Compton, Miss. Sara Rebecca",female,39,1,1,PC 17756,83.1583,C,Miss,1,E,3,4.432699549,0.484795175,0.7102641,0.731202472,1.5174206,0,1
837,No,3,"Pasic, Mr. Jakob",male,21,0,0,315097,8.6625,S,Mr,0,Unknown,1,2.268252414,0.25860769,0.363448558,-0.603031793,-0.71615971,1,3
838,No,3,"Sirota, Mr. Maurice",male,26,0,0,392092,8.05,S,Mr,0,Unknown,1,2.202764758,0.321437547,0.352955284,-0.232411163,-0.783739064,1,3
839,Yes,3,"Chip, Mr. Chang",male,32,0,0,1601,56.4958,S,Mr,0,Unknown,1,4.051711902,0.396833375,0.649217362,0.212333592,1.124264078,1,3
840,Yes,1,"Marechal, Mr. Pierre",male,40,0,0,11774,29.7,C,Mr,1,C,1,3.424262655,0.497361146,0.548679378,0.805326598,0.47677389,1,1
841,No,3,"Alhomaki, Mr. Ilmari Rudolf",male,20,0,0,SOTON/O2 3101287,7.925,S,Mr,0,Unknown,1,2.188856328,0.246041719,0.350726697,-0.677155918,-0.798091734,1,3
842,No,2,"Mudd, Mr. Thomas Charles",male,16,0,0,S.O./P.P. 3,10.5,S,Mr,0,Unknown,1,2.442347035,0.195777834,0.391344236,-0.973652422,-0.536504447,1,2
843,Yes,1,"Serepeca, Miss. Augusta",female,30,0,0,113798,31,C,Miss,0,Unknown,1,3.465735903,0.371701433,0.555324755,0.06408534,0.519571807,0,1
844,No,3,"Lemberopolous, Mr. Peter L",male,34.5,0,0,2683,6.4375,C,Mr,0,Unknown,1,2.006534771,0.428248304,0.321512793,0.397643906,-0.986236703,1,3
845,No,3,"Culumovic, Mr. Jeso",male,17,0,0,315090,8.6625,S,Mr,0,Unknown,1,2.268252414,0.208343805,0.363448558,-0.899528296,-0.71615971,1,3
846,No,3,"Abbing, Mr. Anthony",male,42,0,0,C.A. 5547,7.55,S,Mr,0,Unknown,1,2.145931283,0.522493089,0.343848694,0.95357485,-0.842387819,1,3
847,No,3,"Sage, Mr. Douglas Bullen",male,26,8,2,CA. 2343,69.55,S,Mr,0,Unknown,11,4.256321678,0.321437547,0.682002571,-0.232411163,1.33540916,1,3
848,No,3,"Markoff, Mr. Marin",male,35,0,0,349213,7.8958,C,Mr,0,Unknown,1,2.185579255,0.434531289,0.350201602,0.434705969,-0.801473477,1,3
849,No,2,"Harper, Rev. John",male,28,0,1,248727,33,S,Rare,0,Unknown,2,3.526360525,0.34656949,0.565038811,-0.084162912,0.5821328,1,2
850,Yes,1,"Goldenberg, Mrs. Samuel L (Edwiga Grabowska)",female,40,1,0,17453,89.1042,C,Mrs,1,C,2,4.500966778,0.497361146,0.721202753,0.805326598,1.587868308,0,1
851,No,3,"Andersson, Master. Sigvard Harald Elias",male,4,4,2,347082,31.275,S,Master,0,Unknown,7,3.474292937,0.044986177,0.556695873,-1.863141932,0.528402156,1,3
852,No,3,"Svensson, Mr. Johan",male,74,0,0,347060,7.775,S,Mr,0,Unknown,1,2.171906769,0.924604172,0.348010821,3.325546877,-0.815582667,1,3
853,No,3,"Boulos, Miss. Nourelain",female,9,1,1,2678,15.2458,C,Miss,0,Unknown,3,2.787834414,0.107816034,0.446702665,-1.492521303,-0.179982085,0,3
854,Yes,1,"Lines, Miss. Mary Conover",female,16,0,1,PC 17592,39.4,S,Miss,1,D,2,3.698829785,0.195777834,0.592674053,-0.973652422,0.760110787,0,1
855,No,2,"Carter, Mrs. Ernest Courtenay (Lilian Hughes)",female,44,1,0,244252,26,S,Mrs,0,Unknown,2,3.295836866,0.547625031,0.528101348,1.101823102,0.344246138,0,2
856,Yes,3,"Aks, Mrs. Sam (Leah Rosen)",female,18,0,1,392091,9.35,S,Mrs,0,Unknown,2,2.33698652,0.220909776,0.37446202,-0.82540417,-0.645230213,0,3
857,Yes,1,"Wick, Mrs. George Dennick (Mary Hitchcock)",female,45,1,1,36928,164.8667,S,Mrs,0,Unknown,3,5.111184454,0.560191003,0.818979673,1.175947227,2.217576542,0,1
858,Yes,1,"Daly, Mr. Peter Denis ",male,51,0,0,113055,26.55,S,Mr,1,E,1,3.316002536,0.635586831,0.531332551,1.620691982,0.365055906,1,1
859,Yes,3,"Baclini, Mrs. Solomon (Latifa Qurban)",female,24,0,3,2666,19.2583,C,Mrs,0,Unknown,4,3.008564586,0.296305604,0.48207089,-0.380659415,0.047798284,0,3
860,No,3,"Razi, Mr. Raihed",male,26,0,0,2629,7.2292,C,Mr,0,Unknown,1,2.107688805,0.321437547,0.337720993,-0.232411163,-0.881851775,1,3
861,No,3,"Hansen, Mr. Claus Peter",male,41,2,0,350026,14.1083,S,Mr,0,Unknown,3,2.715244262,0.509927117,0.435071338,0.879450724,-0.254890791,1,3
862,No,2,"Giles, Mr. Frederick Edward",male,21,1,0,28134,11.5,S,Mr,0,Unknown,2,2.525728644,0.25860769,0.404704709,-0.603031793,-0.450459601,1,2
863,Yes,1,"Swift, Mrs. Frederick Joel (Margaret Welles Barron)",female,48,0,0,17466,25.9292,S,Mrs,1,D,1,3.2932112,0.597888917,0.52768063,1.398319605,0.341536607,0,1
864,No,3,"Sage, Miss. Dorothy Edith ""Dolly""",female,18,8,2,CA. 2343,69.55,S,Miss,0,Unknown,11,4.256321678,0.220909776,0.682002571,-0.82540417,1.33540916,0,3
865,No,2,"Gill, Mr. John William",male,24,0,0,233866,13,S,Mr,0,Unknown,1,2.63905733,0.296305604,0.422863688,-0.380659415,-0.333511159,1,2
866,Yes,2,"Bystrom, Mrs. (Karolina)",female,42,0,0,236852,13,S,Mrs,0,Unknown,1,2.63905733,0.522493089,0.422863688,0.95357485,-0.333511159,0,2
867,Yes,2,"Duran y More, Miss. Asuncion",female,27,1,0,SC/PARIS 2149,13.8583,C,Miss,0,Unknown,2,2.698558632,0.334003518,0.432397752,-0.158287038,-0.272109366,0,2
868,No,1,"Roebling, Mr. Washington Augustus II",male,31,0,0,PC 17590,50.4958,S,Mr,1,A,1,3.941500251,0.384267404,0.631557835,0.138209466,1.01053223,1,1
869,No,3,"van Melkebeke, Mr. Philemon",male,26,0,0,345777,9.5,S,Mr,0,Unknown,1,2.351375257,0.321437547,0.376767569,-0.232411163,-0.630381895,1,3
870,Yes,3,"Johnson, Master. Harold Theodor",male,4,1,1,347742,11.1333,S,Master,0,Unknown,3,2.495953739,0.044986177,0.399933791,-1.863141932,-0.481185527,1,3
871,No,3,"Balkic, Mr. Cerin",male,26,0,0,349248,7.8958,S,Mr,0,Unknown,1,2.185579255,0.321437547,0.350201602,-0.232411163,-0.801473477,1,3
872,Yes,1,"Beckwith, Mrs. Richard Leonard (Sallie Monypeny)",female,47,1,1,11751,52.5542,S,Mrs,1,D,3,3.980694225,0.585322945,0.637837997,1.324195479,1.050978073,0,1
873,No,1,"Carlsson, Mr. Frans Olof",male,33,0,0,695,5,S,Mr,1,B,1,1.791759469,0.409399347,0.287098734,0.286457717,-1.207872,1,1
874,No,3,"Vander Cruyssen, Mr. Victor",male,47,0,0,345765,9,S,Mr,0,Unknown,1,2.302585093,0.585322945,0.368949781,1.324195479,-0.680730433,1,3
875,Yes,2,"Abelson, Mrs. Samuel (Hannah Wizosky)",female,28,1,0,P/PP 3381,24,C,Mrs,0,Unknown,2,3.218875825,0.34656949,0.51576966,-0.084162912,0.264826935,0,2
876,Yes,3,"Najib, Miss. Adele Kiamie ""Jane""",female,15,0,0,2667,7.225,C,Miss,0,Unknown,1,2.107178297,0.183211862,0.337639193,-1.047776548,-0.882378589,0,3
877,No,3,"Gustafsson, Mr. Alfred Ossian",male,20,0,0,7534,9.8458,S,Mr,0,Unknown,1,2.383777908,0.246041719,0.381959538,-0.677155918,-0.596944292,1,3
878,No,3,"Petroff, Mr. Nedelio",male,19,0,0,349212,7.8958,S,Mr,0,Unknown,1,2.185579255,0.233475748,0.350201602,-0.751280044,-0.801473477,1,3
879,No,3,"Laleff, Mr. Kristo",male,26,0,0,349217,7.8958,S,Mr,0,Unknown,1,2.185579255,0.321437547,0.350201602,-0.232411163,-0.801473477,1,3
880,Yes,1,"Potter, Mrs. Thomas Jr (Lily Alexenia Wilson)",female,56,0,1,11767,83.1583,C,Mrs,1,C,2,4.432699549,0.698416688,0.7102641,1.991312612,1.5174206,0,1
881,Yes,2,"Shelley, Mrs. William (Imanita Parrish Hall)",female,25,0,1,230433,26,S,Mrs,0,Unknown,2,3.295836866,0.308871576,0.528101348,-0.306535289,0.344246138,0,2
882,No,3,"Markun, Mr. Johann",male,33,0,0,349257,7.8958,S,Mr,0,Unknown,1,2.185579255,0.409399347,0.350201602,0.286457717,-0.801473477,1,3
883,No,3,"Dahlberg, Miss. Gerda Ulrika",female,22,0,0,7552,10.5167,S,Miss,0,Unknown,1,2.443798156,0.271173662,0.391576753,-0.528907667,-0.535006977,0,3
884,No,2,"Banfield, Mr. Frederick James",male,28,0,0,C.A./SOTON 34068,10.5,S,Mr,0,Unknown,1,2.442347035,0.34656949,0.391344236,-0.084162912,-0.536504447,1,2
885,No,3,"Sutehall, Mr. Henry Jr",male,25,0,0,SOTON/OQ 392076,7.05,S,Mr,0,Unknown,1,2.085672091,0.308871576,0.334193192,-0.306535289,-0.904571709,1,3
886,No,3,"Rice, Mrs. William (Margaret Norton)",female,39,0,5,382652,29.125,Q,Mrs,0,Unknown,6,3.405355392,0.484795175,0.545649814,0.731202472,0.457262722,0,3
887,No,2,"Montvila, Rev. Juozas",male,27,0,0,211536,13,S,Rare,0,Unknown,1,2.63905733,0.334003518,0.422863688,-0.158287038,-0.333511159,1,2
888,Yes,1,"Graham, Miss. Margaret Edith",female,19,0,0,112053,30,S,Miss,1,B,1,3.433987204,0.233475748,0.550237571,-0.751280044,0.486809045,0,1
889,No,3,"Johnston, Miss. Catherine Helen ""Carrie""",female,18,1,2,W./C. 6607,23.45,S,Miss,0,Unknown,4,3.196630216,0.220909776,0.512205183,-0.82540417,0.241870794,0,3
890,Yes,1,"Behr, Mr. Karl Howell",male,26,0,0,111369,30,C,Mr,1,C,1,3.433987204,0.321437547,0.550237571,-0.232411163,0.486809045,1,1
891,No,3,"Dooley, Mr. Patrick",male,32,0,0,370376,7.75,Q,Mr,0,Unknown,1,2.1690537,0.396833375,0.347553665,0.212333592,-0.818526864,1,3
